<?xml version="1.0"?>
<!--
/**
 * Copyright © Magento, Inc. All rights reserved.
 * See COPYING.txt for license details.
 */
/**
 * @category Eighteentech
 * @package  Eighteentech_CustomApi
 *
 */
-->
<config xmlns:xsi="http://www.w3.org/2001/XMLSchema-instance" xsi:noNamespaceSchemaLocation="urn:magento:framework:ObjectManager/etc/config.xsd">
  
  <!--Request and Respone interface-->
  <preference for="Eighteentech\CustomApi\Api\Data\RequestInterface" type="Eighteentech\CustomApi\Model\Data\Request"/>
  <preference for="Eighteentech\CustomApi\Api\Data\ResponseInterface" type="Eighteentech\CustomApi\Model\Data\Response"/>
  <preference for="Eighteentech\CustomApi\Api\Data\ResultInterface" type="Eighteentech\CustomApi\Model\Data\Result"/>
  
 <!--API to get no of items in wishlist-->
  <preference for="Eighteentech\CustomApi\Api\CustomerManagementInterface" type="Eighteentech\CustomApi\Model\CustomerManagement" />
  <preference for="Eighteentech\CustomApi\Api\Data\WishlistDetailsInterface" type="Eighteentech\CustomApi\Model\Data\WishlistDetails" />
  <preference for="Eighteentech\CustomApi\Api\Data\WishlistResponseInterface" type="Eighteentech\CustomApi\Model\Data\WishlistResponse" />
  <preference for="Eighteentech\CustomApi\Api\Data\ItemsDetailsInterface" type="Eighteentech\CustomApi\Model\Data\ItemsDetails" />
  <preference for="Eighteentech\CustomApi\Api\Data\ErrorMessageDetailsInterface" type="Eighteentech\CustomApi\Model\Data\ErrorMessageDetails" />
</config>
