<?xml version="1.0" encoding="UTF-8"?>
<!--
/**
 * Copyright © Magento, Inc. All rights reserved.
 * See COPYING.txt for license details.
 */
/**
 * @category Eighteentech
 * @package  Eighteentech_CustomApi
 *
 */
-->
<routes xmlns:xsi="http://www.w3.org/2001/XMLSchema-instance" xsi:noNamespaceSchemaLocation="urn:magento:module:Magento_Webapi:etc/webapi.xsd">
  
 
   
  
  <!--API for get wishlist item details-->
  <route url="/V1/wishlistItems" method="GET">
    <service class="Eighteentech\CustomApi\Api\CustomerManagementInterface" method="getWishlistItems"/>
    <resources>
      <resource ref="anonymous"/>
    </resources>
    <data>
      <parameter name="customerId" force="true">%customer_id%</parameter>
    </data>
  </route>
  
  <!--API for remove wishlist item details-->
  <route url="/V1/wishlistItems/:itemId" method="DELETE">
    <service class="Eighteentech\CustomApi\Api\CustomerManagementInterface" method="removeWishlistItem"/>
    <resources>
      <resource ref="self"/>
    </resources>
    <data>
      <parameter name="customerId" force="true">%customer_id%</parameter>
    </data>
  </route>
  
  <!-- API to get the configurable options of a product -->
  <route url="/V1/configurable-product/getOptions" method="POST">
    <service class="Eighteentech\CustomApi\Api\ConfigurableProductManagementInterface" method="getAvailableOptions"/>
    <resources>
      <resource ref="anonymous"/>
    </resources>
  </route>
  
  <!-- API to get the Quote details -->
  <route url="/V1/cart/getCartDetails/:cartId" method="GET">
    <service class="Eighteentech\CustomApi\Api\CartManagementInterface" method="getCartDetails"/>
    <resources>
      <resource ref="anonymous"/>
    </resources>
  </route>
</routes>
