<?xml version="1.0"?>
<!--
/**
 * Copyright © Magento, Inc. All rights reserved.
 * See COPYING.txt for license details.
 */
/**
 * @category Eighteentech
 * @package  Eighteentech_AjaxWishlist
 *
 */
-->
<config xmlns:xsi="http://www.w3.org/2001/XMLSchema-instance"
        xsi:noNamespaceSchemaLocation="urn:magento:framework:Module/etc/module.xsd">
    <module name="Eighteentech_AjaxWishlist" setup_version="1.0.0" active="true">
        <sequence>
            <module name="Magento_GraphQl"/>
            <module name="Eighteentech_AjaxCart"/>
            <module name="Eighteentech_Netcore"/>
            <module name="Eighteentech_Core"/>
        </sequence>
    </module>
</config>
