<?xml version="1.0"?>
<!--
/**
 * Copyright © Magento, Inc. All rights reserved.
 * See COPYING.txt for license details.
 */
/**
 * @category Eighteentech
 * @package  Eighteentech_AjaxWishlist
 *
 */
-->
<routes xmlns:xsi="http://www.w3.org/2001/XMLSchema-instance"
        xsi:noNamespaceSchemaLocation="urn:magento:module:Magento_Webapi:etc/webapi.xsd">
    <route url="/V1/wishlist/addProduct/" method="POST">
        <service class="Eighteentech\AjaxWishlist\Api\WishlistManagementInterface" method="addProductToWishlist"/>
        <resources>
            <resource ref="self" />
        </resources>
        <data>
            <parameter name="customerId" force="true">%customer_id%</parameter>
        </data>
    </route>  
    
    <!--Product move to wishlist from cart--> 
    <route url="/V1/cart/moveToWishlist/" method="POST">
        <service class="Eighteentech\AjaxWishlist\Api\WishlistManagementInterface" method="moveProductToWishlist"/>
        <resources>
            <resource ref="self" />
        </resources>
        <data>
            <parameter name="customerId" force="true">%customer_id%</parameter>
        </data>
    </route>   
</routes>
