<?xml version="1.0"?>
<!--
 /**
  * Custom Account Dashboard
  *
  * Copyright (c) 2021. 18th DigiTech Team. All rights reserved.
  * @author: <mailto:info@18thdigitech.com>
  * @package Nalli_Dashboard
  */
-->
<config xmlns:xsi="http://www.w3.org/2001/XMLSchema-instance" xsi:noNamespaceSchemaLocation="../../../../../lib/internal/Magento/Framework/Module/etc/module.xsd">
    <module name="Nalli_Dashboard" setup_version="1.0.0">
        <sequence>
            <module name="Magento_Backend"/>
             <module name="Magento_Sales"/>
            <module name="Magento_Quote"/>
            <module name="Magento_Checkout"/>
            <module name="Magento_Cms"/>
        </sequence>
	</module>
</config>