<?xml version="1.0"?>
<!--
  * Copyright (c) 2021. 18th DigiTech Team. All rights reserved.
  * @author: <mailto:info@18thdigitech.com>
  * @package Nalli_Categoryattribute
-->
<config xmlns:xsi="http://www.w3.org/2001/XMLSchema-instance" xsi:noNamespaceSchemaLocation="../../../../../lib/internal/Magento/Framework/ObjectManager/etc/config.xsd">
  <type name="Nalli\Categoryattribute\Controller\Adminhtml\Category\Image">
    <arguments>
      <argument name="imageUploader" xsi:type="object">Magento\Catalog\CategoryImageUpload</argument>
    </arguments>
  </type>
  <virtualType name="Magento\Catalog\CategoryImageUpload" type="Magento\Catalog\Model\ImageUploader">
    <arguments>
      <argument name="baseTmpPath" xsi:type="string">catalog/tmp/category</argument>
      <argument name="basePath" xsi:type="string">catalog/category</argument>
      <argument name="allowedExtensions" xsi:type="array">
        <item name="jpg" xsi:type="string">jpg</item>
        <item name="jpeg" xsi:type="string">jpeg</item>
        <item name="gif" xsi:type="string">gif</item>
        <item name="png" xsi:type="string">png</item>
      </argument>
    </arguments>
  </virtualType>
  <preference for="Magento\Catalog\Model\Category\DataProvider" type="Nalli\Categoryattribute\Model\Category\DataProvider" />
</config>
