<?xml version="1.0"?>
<!--
/**
 * Copyright © Magento, Inc. All rights reserved.
 * See COPYING.txt for license details.
 */
/**
 * @category Eighteentech
 * @package  Eighteentech_CustomerLogin 
 *
 */
-->
<config xmlns:xsi="http://www.w3.org/2001/XMLSchema-instance" xsi:noNamespaceSchemaLocation="urn:magento:module:Magento_Config:etc/system_file.xsd">
  <system>
    <section id="otp_config" translate="label" type="text" sortOrder="100" showInDefault="1" showInWebsite="1" showInStore="1">
      <label>Limit OTP</label>
      <tab>nalli</tab>
      <resource>Eighteentech_CustomerLogin::config_otp</resource>
      <group id="otp_identity" translate="label" type="text" sortOrder="10" showInDefault="1" showInWebsite="1" showInStore="1">
        <label>OTP Configuration</label>
        <field id="otp_limit_identity" translate="label comment" type="text" sortOrder="1" showInDefault="1" showInWebsite="1" showInStore="1" canRestore="1">
          <label>Resend Otp Limit</label>
		  <validate>required-entry</validate>
        </field>
        <field id="otp_expire_identity" translate="label comment" type="text" sortOrder="1" showInDefault="1" showInWebsite="1" showInStore="1" canRestore="1">
          <label>Set Expire time for Otp(minutes)</label>
		  <validate>required-entry</validate>
        </field>
        <field id="blocked_otp_identity" translate="label comment" type="text" sortOrder="1" showInDefault="1" showInWebsite="1" showInStore="1" canRestore="1">
          <label>Otp blocked Time(minutes)</label>
		  <validate>required-entry</validate>
        </field>
      </group>
	  <group id="sms_setting" translate="label" type="text" sortOrder="11" showInDefault="1" showInWebsite="1" showInStore="1">
	   <label>SMS Configuration</label>
	   <field id="api_key" translate="Api key" type="text" sortOrder="1" showInDefault="1" showInWebsite="1" showInStore="1" canRestore="1">
          <label>Api Key</label>
		  <validate>required-entry</validate>
        </field>
	     <field id="sender_id" translate="Sender Id" type="text" sortOrder="1" showInDefault="1" showInWebsite="1" showInStore="1" canRestore="1">
          <label>Sender ID</label>
		  <validate>required-entry</validate>
        </field>
		<field id="template_id" translate="Template Register" type="text" sortOrder="1" showInDefault="1" showInWebsite="1" showInStore="1" canRestore="1">
          <label>Template Id for Register(SMS panel)</label>
		  <comment>If you change SMS text you most change these text on SMS panel as well</comment>
        </field>
		
	  </group>
	  
    </section>
  </system>
</config>
