<?xml version="1.0"?>
<config xmlns:xsi="http://www.w3.org/2001/XMLSchema-instance" xsi:noNamespaceSchemaLocation="urn:magento:module:Magento_Config:etc/system_file.xsd">
    <system>
        <tab id="eighteentech" translate="label" sortOrder="10">
            <label>Eighteen Tech</label>
        </tab>
        <section id="eighteentech_ga4" translate="label" sortOrder="130" showInDefault="1" showInWebsite="1" showInStore="1">
            <class>separator-top</class>
            <label>GA4</label>
            <tab>eighteentech</tab>
            <resource>Eighteentech_GA4::eighteentech_config</resource>
            <group id="general" translate="label" type="text" sortOrder="10" showInDefault="1" showInWebsite="0" showInStore="0">
                <label>General Configuration</label>
                <field id="enabled" translate="label" type="select" sortOrder="1" showInDefault="1" showInWebsite="0" showInStore="0">
                    <label>Enabled</label>
                    <source_model>Magento\Config\Model\Config\Source\Enabledisable</source_model>
                </field>
                <field id="header_script" translate="label" type="textarea" sortOrder="1" showInDefault="1" showInWebsite="0" showInStore="0">
                    <label>Header Script</label>
                    <depends>
                        <field id="eighteentech_ga4/general/enabled">1</field>
                    </depends>
                </field>
                <field id="body_script" translate="label" type="textarea" sortOrder="1" showInDefault="1" showInWebsite="0" showInStore="0">
                    <label>Body Script</label>
                    <depends>
                        <field id="eighteentech_ga4/general/enabled">1</field>
                    </depends>
                </field>
            </group>
            <group id="datalayer" translate="label" type="text" sortOrder="10" showInDefault="1" showInWebsite="1" showInStore="0">
                <label>DataLayer</label>
                <field id="product_datalayer" translate="label" type="select" sortOrder="1" showInDefault="1" showInWebsite="1" showInStore="0">
                    <label>Product</label>
                    <comment>View Item and Select Item event</comment>
                    <source_model>Magento\Config\Model\Config\Source\Enabledisable</source_model>
                    <depends>
                        <field id="eighteentech_ga4/general/enabled">1</field>
                    </depends>
                </field>
                <field id="category_datalayer" translate="label" type="select" sortOrder="1" showInDefault="1" showInWebsite="1" showInStore="0">
                    <label>Category</label>
                    <comment>View Item List event</comment>
                    <source_model>Magento\Config\Model\Config\Source\Enabledisable</source_model>
                    <depends>
                        <field id="eighteentech_ga4/general/enabled">1</field>
                    </depends>
                </field>
                <field id="cart_datalayer" translate="label" type="select" sortOrder="1" showInDefault="1" showInWebsite="1" showInStore="0">
                    <label>Cart</label>
                    <comment>Add to cart and Remove Cart event</comment>
                    <source_model>Magento\Config\Model\Config\Source\Enabledisable</source_model>
                    <depends>
                        <field id="eighteentech_ga4/general/enabled">1</field>
                    </depends>
                </field>
                <field id="wishlist_datalayer" translate="label" type="select" sortOrder="1" showInDefault="1" showInWebsite="1" showInStore="0">
                    <label>Wishlist</label>
                    <comment>Wishlist event</comment>
                    <source_model>Magento\Config\Model\Config\Source\Enabledisable</source_model>
                    <depends>
                        <field id="eighteentech_ga4/general/enabled">1</field>
                    </depends>
                </field>
                <field id="checkout_datalayer" translate="label" type="select" sortOrder="1" showInDefault="1" showInWebsite="1" showInStore="0">
                    <label>Checkout</label>
                    <comment>Begin Checkout, Shipping and Payment event</comment>
                    <source_model>Magento\Config\Model\Config\Source\Enabledisable</source_model>
                    <depends>
                        <field id="eighteentech_ga4/general/enabled">1</field>
                    </depends>
                </field>
                <field id="order_datalayer" translate="label" type="select" sortOrder="1" showInDefault="1" showInWebsite="1" showInStore="0">
                    <label>Order</label>
                    <comment>Purchase Order event</comment>
                    <source_model>Magento\Config\Model\Config\Source\Enabledisable</source_model>
                    <depends>
                        <field id="eighteentech_ga4/general/enabled">1</field>
                    </depends>
                </field>
            </group>
        </section>
    </system>
</config>