<?xml version="1.0"?>
<!--
/**
 * Privatecategory declarative-schema
 *
 * This file creates tables in the database
 *
 * @author  18th Digitech <info@18thdigitech.com>
 * @package Nalli_Privatecategory
 */
-->
<schema xmlns:xsi="http://www.w3.org/2001/XMLSchema-instance" xsi:noNamespaceSchemaLocation="urn:magento:framework:Setup/Declaration/Schema/etc/schema.xsd">
    <table name="privatecategory" resource="default" engine="innodb" comment="Private Category Table">
        <column xsi:type="int" name="privatecategory_id" unsigned="true" nullable="false" identity="true" comment="Privatecategory ID"/>
        <column xsi:type="text" name="email" nullable="true" comment="Email"/>
        <column xsi:type="text" name="countrycode" nullable="true" comment="Countrycode"/>
        <column xsi:type="text" name="mobile" nullable="true" comment="Mobile"/>
        <column xsi:type="text" name="customer_id" nullable="true" comment="Customer ID"/>
        <column xsi:type="text" name="store_id" nullable="true" comment="Store ID"/>
        <column xsi:type="text" name="email_missing" nullable="true" comment="Email Missing"/>
        <column xsi:type="text" name="is_confirmed" nullable="true" comment="Is Confirmed"/>
        <column xsi:type="text" name="otp" nullable="true" comment="Otp"/>
        <column xsi:type="text" name="welcome_otp" nullable="true" comment="Welcome Otp"/>
        <column xsi:type="datetime" name="otp_created" on_update="false" nullable="true" comment="Otp Created"/>
        <column xsi:type="datetime" name="welcome_otp_created" on_update="false" nullable="true" comment="Welcome Otp Created"/>
        <column xsi:type="datetime" name="created_time" on_update="false" nullable="true" comment="Created Time"/>
        <column xsi:type="datetime" name="update_time" on_update="false" nullable="true" comment="Update Time"/>
        <index referenceId="NALLI_PRIVATECATEGORY_PRIVATECATEGORY_ID" indexType="btree">
            <column name="privatecategory_id"/>
        </index>
    </table>
</schema>    