<?xml version="1.0"?>
<!--
/**
 * Access control list file
 *
 * Copyright (c) 2021. 18th DigiTech Team. All rights reserved.
 * @author  18th Digitech <info@18thdigitech.com>
 * @package Eighteentech_WhatsAppChat
 */
-->
<config xmlns:xsi="http://www.w3.org/2001/XMLSchema-instance" xsi:noNamespaceSchemaLocation="urn:magento:framework:App/etc/acl.xsd">
    <acl>
        <resources>
            <resource id="Magento_Backend::admin">
                <resource id="Magento_Backend::stores">
                    <resource id="Magento_Backend::stores_settings">
                        <resource id="Magento_Config::config">
                            <resource id="Eighteentech_CustomerWishlist::customerwishlist" title="CustomerWishlist Configuration" />
                        </resource>
                    </resource>
                </resource>
            </resource>
        </resources>
    </acl>
</config>
