<?xml version="1.0"?>

<!--

/**

 * Erpsynch Module

 *

 * Copyright (c) 2021. 18th DigiTech Team. All rights reserved.

 * @author: <mailto:info@18thdigitech.com>

 * @package Nalli_Erpsync

 */

-->

<config xmlns:xsi="http://www.w3.org/2001/XMLSchema-instance" xsi:noNamespaceSchemaLocation="urn:magento:module:Magento_Cron:etc/crontab.xsd">
  <group id="nalli_change_enc_key">
    <job name="nalli_change_enc_key" instance="Nalli\Erpsync\Cron\Changekey" method="execute">
      <schedule>0 0 * * *</schedule>
    </job>
  </group>
  <group id="nalli_sync_into_erp">
    <job name="nalli_sync_into_erp" instance="Nalli\Erpsync\Cron\Syncerp" method="execute">
      <schedule>*/10 * * * *</schedule>
    </job>
  </group>
</config>
