<!--
/**
 * Erpsynch Module
 *
 * Copyright (c) 2021. 18th DigiTech Team. All rights reserved.
 * @author: <mailto:info@18thdigitech.com>
 * @package Nalli_Erpsync
 */
-->

<config xmlns:xsi="http://www.w3.org/2001/XMLSchema-instance" xsi:noNamespaceSchemaLocation="../../../../../lib/internal/Magento/Framework/ObjectManager/etc/config.xsd">
  <type name="Magento\Framework\View\Element\UiComponent\DataProvider\CollectionFactory">
    <arguments>
      <argument name="collections" xsi:type="array">
        <item name="nalli_erpsync_erpsync_listing_data_source" xsi:type="string">Nalli\Erpsync\Model\ResourceModel\Erpsync\Grid\Collection</item>
        <item name="nalli_erpsync_erporder_listing_data_source" xsi:type="string">Nalli\Erpsync\Model\ResourceModel\Erporder\Grid\Collection</item>
        <item name="nalli_erpsync_encryptionkey_listing_data_source" xsi:type="string">Nalli\Erpsync\Model\ResourceModel\Encryptionkey\Grid\Collection</item>
        <item name="nalli_erpsync_erpdispatch_listing_data_source" xsi:type="string">Nalli\Erpsync\Model\ResourceModel\Erpdispatch\Grid\Collection</item>
      </argument>
    </arguments>
  </type>
  <virtualType name="Nalli\Erpsync\Model\ResourceModel\Erpsync\Grid\Collection" type="Magento\Framework\View\Element\UiComponent\DataProvider\SearchResult">
    <arguments>
      <argument name="mainTable" xsi:type="string">erpsync</argument>
      <argument name="resourceModel" xsi:type="string">Nalli\Erpsync\Model\ResourceModel\Erpsync</argument>
    </arguments>
  </virtualType>
  <virtualType name="Nalli\Erpsync\Model\ResourceModel\Encryptionkey\Grid\Collection" type="Magento\Framework\View\Element\UiComponent\DataProvider\SearchResult">
    <arguments>
      <argument name="mainTable" xsi:type="string">encryptionkey</argument>
      <argument name="resourceModel" xsi:type="string">Nalli\Erpsync\Model\ResourceModel\Encryptionkey</argument>
    </arguments>
  </virtualType>
  <virtualType name="Nalli\Erpsync\Model\ResourceModel\Erporder\Grid\Collection" type="Magento\Framework\View\Element\UiComponent\DataProvider\SearchResult">
    <arguments>
      <argument name="mainTable" xsi:type="string">erporder</argument>
      <argument name="resourceModel" xsi:type="string">Nalli\Erpsync\Model\ResourceModel\Erporder</argument>
    </arguments>
  </virtualType>
  <virtualType name="Nalli\Erpsync\Model\ResourceModel\Erpdispatch\Grid\Collection" type="Magento\Framework\View\Element\UiComponent\DataProvider\SearchResult">
    <arguments>
      <argument name="mainTable" xsi:type="string">erpdispatch</argument>
      <argument name="resourceModel" xsi:type="string">Nalli\Erpsync\Model\ResourceModel\Erpdispatch</argument>
    </arguments>
  </virtualType>
    <type name="Nalli\Erpsync\Logger\Logger">
    	<arguments>
    		<argument name="name" xsi:type="string">customLogHandler</argument>
    		<argument name="handlers"  xsi:type="array">
    			<item name="system" xsi:type="object">Nalli\Erpsync\Logger\Handler</item>
    		</argument>
    	</arguments>
    </type>     
</config>
