<?xml version="1.0"?>
<!--
/**
 * Privatecategory declarative-schema
 *
 * This file creates tables in the database
 *
 * @author  18th Digitech <info@18thdigitech.com>
 * @package Nalli_Privatecategory
 */
-->
<schema xmlns:xsi="http://www.w3.org/2001/XMLSchema-instance" xsi:noNamespaceSchemaLocation="urn:magento:framework:Setup/Declaration/Schema/etc/schema.xsd">
    <table name="internationalstore" resource="default" engine="innodb" comment="International Store Table">
        <column xsi:type="int" name="internationalstore_id" unsigned="true" nullable="false" identity="true" comment="Internationalstore_ID"/>
        <column xsi:type="text" name="store_name" nullable="true" comment="Store Name"/>
        <column xsi:type="text" name="store_code" nullable="true" comment="Store Code"/>
        <column xsi:type="text" name="store_currency" nullable="true" comment="Store Currency"/>
        <column xsi:type="text" name="currency_attribute" nullable="true" comment="Currency Attribute"/>
        <column xsi:type="text" name="store_contact" nullable="true" comment="Store Contact"/>
        <column xsi:type="text" name="store_mobile" nullable="true" comment="Store Mobile"/>
        <column xsi:type="text" name="viewpage_text" nullable="true" comment="Viewpage Text"/>
        <column xsi:type="text" name="sneak_title" nullable="true" comment="Sneak Title"/>
        <column xsi:type="text" name="sneak_label" nullable="true" comment="Sneak Label"/>
        <column xsi:type="text" name="sneak_countrycode" nullable="true" comment="Sneak Countrycode"/>
        <column xsi:type="text" name="sneak_footer_text" nullable="true" comment="Sneak Footer Text"/>
        <column xsi:type="text" name="sneak_footer_link" nullable="true" comment="Sneak Footer Link"/>
        <column xsi:type="text" name="sneak_error" nullable="true" comment="Sneak Error"/>
        <column xsi:type="text" name="session_name" nullable="true" comment="Session Name"/>
        <column xsi:type="text" name="session_auth" nullable="true" comment="Session Auth"/>
        <column xsi:type="text" name="cookie_name" nullable="true" comment="Cookie Name"/>
        <column xsi:type="text" name="email_required" nullable="true" comment="Email Required"/>
        <column xsi:type="text" name="sneak_priceverify" nullable="true" comment="Sneak Priceverify"/>
        <column xsi:type="text" name="reg_priceverify" nullable="true" comment="Reg Priceverify"/>
        <column xsi:type="text" name="memberprice_attribute" nullable="true" comment="Memberprice Attribute"/>
        <column xsi:type="text" name="session_priceauth" nullable="true" comment="Session Priceauth"/>
        <column xsi:type="text" name="session_timeout" nullable="true" comment="Session Timeout"/>
        <column xsi:type="text" name="static_content" nullable="true" comment="Static Content"/>
        <column xsi:type="text" name="sneak_email_label" nullable="true" comment="Sneak Email Label"/>
        <column xsi:type="datetime" name="created_time" on_update="false" nullable="true" comment="Created Time"/>
        <column xsi:type="datetime" name="update_time" on_update="false" nullable="true" comment="Update Time"/>
        <index referenceId="NALLI_INTERNATIONALSTORE_INTERNATIONALSTORE_ID" indexType="btree">
            <column name="internationalstore_id"/>
        </index>
    </table>
</schema>