<?xml version="1.0"?>
<!--
/**
 * Copyright © Magento, Inc. All rights reserved.
 * See COPYING.txt for license details.
 */
/**
 * @category Eighteentech
 * @package  Eighteentech_Netcore 
 *
 */
-->
<config xmlns:xsi="http://www.w3.org/2001/XMLSchema-instance" xsi:noNamespaceSchemaLocation="urn:magento:framework:Event/etc/events.xsd">
    <event name="checkout_cart_add_product_complete">
        <observer name="netcore_smartech_observer_addtocartdispatch" instance="Eighteentech\Netcore\Observer\Addtocartdispatch" />
    </event>
    <event name="customer_register_success">
        <observer name="netcore_smartech_observer_registersuccessdispatch" instance="Eighteentech\Netcore\Observer\Registersuccessdispatch" />

    </event>
    <event name="controller_front_send_response_before">
        <observer name="netcore_smartech_observer_layout_handle" instance="Eighteentech\Netcore\Observer\Layouthandle" />
    </event>    
    <event name="sales_quote_remove_item">
        <observer name="netcore_smartech_observer_removeitem" instance="Eighteentech\Netcore\Observer\Removeitem" />
    </event> 
    <event name="controller_action_predispatch_checkout_cart_delete">
        <observer name="netcore_smartech_observer_checkoutCartDelete" instance="Eighteentech\Netcore\Observer\Checkoutcartdelete" />
    </event>
    <event name="wishlist_add_product">
        <observer name="netcore_smartech_observer_wishlistadd" instance="Eighteentech\Netcore\Observer\Wishlistadddispatch" />
    </event>
    <event name="controller_action_predispatch_wishlist_index_remove">
        <observer name="netcore_smartech_observer_wishlistremove" instance="Eighteentech\Netcore\Observer\Wishlistremovedispatch" />
    </event>
    <event name="controller_action_predispatch_wishlist_index_fromcart">
        <observer name="netcore_smartech_observer_carttowishlist" instance="Eighteentech\Netcore\Observer\Cartremovewishlistdispatch" />
    </event>
    <event name="controller_action_predispatch_wishlist_index_cart">
        <observer name="netcore_smartech_observer_wishlisttocart" instance="Eighteentech\Netcore\Observer\Wishlisttocart" />
    </event>    
	<event name="customer_save_after_data_object">
		<observer name="customer_save_after_observer" instance="Eighteentech\Netcore\Observer\CustomereditPost" />
	</event>    
     <event name="newsletter_subscriber_save_commit_after">
        <observer name="netcore_smartech_newsletter_subscriber" instance="Eighteentech\Netcore\Observer\CustomerSubscribed" />
    </event> 
    <!--<event name="controller_action_predispatch_checkout_index_index">
        <observer name="initiate_checkout_onepage" instance="Eighteentech\Netcore\Observer\Predispatchcheckout" />
    </event> -->           
</config>
