<?xml version="1.0"?>
<!--
/**
 * Copyright © Magento, Inc. All rights reserved.
 * See COPYING.txt for license details.
 */
/**
 * @category Eighteentech
 * @package  Eighteentech_OrderFeedback
 *
 */
-->
<config xmlns:xsi="http://www.w3.org/2001/XMLSchema-instance"
        xsi:noNamespaceSchemaLocation="urn:magento:framework:Acl/etc/acl.xsd">
    <acl>
        <resources>
            <resource id="Magento_Backend::admin">
                <resource id="Nalli_Core::core" title="Nalli">
                    <resource id="Eighteentech_OrderFeedback::feedbacks" title="Feedback" sortOrder="100" />
                </resource>
            </resource>
        </resources>
    </acl>
</config>
