<?xml version="1.0"?>
<!--
/**
 * Copyright © Magento, Inc. All rights reserved.
 * See COPYING.txt for license details.
 */
/**
 * @category Eighteentech
 * @package  Eighteentech_OrderFeedback
 *
 */
-->
<schema xmlns:xsi="http://www.w3.org/2001/XMLSchema-instance"
        xsi:noNamespaceSchemaLocation="urn:magento:framework:Setup/Declaration/Schema/etc/schema.xsd">
    <table name="eighteentech_order_feedback" engine="innodb" resource="default" comment="Success Page Feedback Table">
        <column xsi:type="int" name="id" padding="10" unsigned="true" identity="true" nullable="false" comment="ID"/>
        <column xsi:type="int" name="order_id" padding="10" unsigned="true" comment="Order Id"/>
        <column xsi:type="varchar" name="increment_id" length="255" comment="increment_id"/>
        <column xsi:type="varchar" name="customer_name" length="255" comment="Customer Name"/>
        <column xsi:type="varchar" name="customer_email" length="255" comment="Customer Email"/>
        <column xsi:type="int" name="rating" padding="2" unsigned="true" comment="Rating"/>
        <column xsi:type="varchar" name="sku" length="255" comment="Sku"/>
        <column xsi:type="varchar" name="feedbacks" length="255" comment="Feedbacks"/>
        <column xsi:type="text" name="comment" nullable="false" comment="Comment"/>
        <column xsi:type="timestamp" name="review_date" nullable="false" default="CURRENT_TIMESTAMP" comment="Review Date"/>
        <constraint xsi:type="primary" referenceId="PRIMARY">
            <column name="id"/>
        </constraint>
    </table>
	<table name="sales_order_item">
		<column xsi:type="int" name="is_order_feedback" padding="2" unsigned="true" default="0" comment="Is Order Feedback"/>
	</table>
</schema>
