<?xml version="1.0"?>
<!--
/**
 * Copyright © Magento, Inc. All rights reserved.
 * See COPYING.txt for license details.
 */
/**
 * @category Eighteentech
 * @package  Eighteentech_OrderFeedback
 *
 */
-->
<config xmlns:xsi="http://www.w3.org/2001/XMLSchema-instance"
        xsi:noNamespaceSchemaLocation="urn:magento:framework:View/Layout/etc/page_configuration.xsd">

    <!--Feedback Admin Grid starts-->
    <!--Define data provider class that was used in node dataSource/class-->
  <type name="Magento\Framework\View\Element\UiComponent\DataProvider\CollectionFactory">
    <arguments>
      <argument name="collections" xsi:type="array">
        <item name="eighteentech_orderfeedback_feedback_listing_data_source" xsi:type="string">Eighteentech\OrderFeedback\Model\ResourceModel\Feedback\Grid\Collection</item>
		</argument>
    </arguments>
  </type>
    <!--It gives all the collected feedback data to the grid -->
    <type name="Eighteentech\OrderFeedback\Model\ResourceModel\Feedback\Grid\Collection">
        <arguments>
            <argument name="mainTable" xsi:type="string">eighteentech_order_feedback</argument>
            <argument name="eventPrefix" xsi:type="string">orderfeedback_feedback_grid_collection</argument>
            <argument name="eventObject" xsi:type="string">feedback_grid_collection</argument>
            <argument name="resourceModel" xsi:type="string">Eighteentech\OrderFeedback\Model\ResourceModel\Feedback
            </argument>
        </arguments>
    </type>
    <!--Register our data source, it gives all the collected data of feedback to the grid-->
    <!--<type name="Magento\Framework\View\Element\UiComponent\DataProvider\CollectionFactory">
        <arguments>
            <argument name="collections" xsi:type="array">
                <item name="eighteentech_orderfeedback_feedback_listing" xsi:type="string">
                    Eighteentech\OrderFeedback\Model\ResourceModel\Feedback\Grid\Collection
                </item>
            </argument>
        </arguments>
    </type>-->
    <!--Feedback Admin Grid ends-->

    <!-- API to get the feedback collection for success page -->
    <preference for="Eighteentech\OrderFeedback\Api\OrderFeedbackRepositoryInterface"
                type="Eighteentech\OrderFeedback\Model\OrderFeedbackRepository"/>
    <preference for="Eighteentech\OrderFeedback\Api\Data\OrderFeedbackDetailsInterface"
                type="Eighteentech\OrderFeedback\Model\Data\OrderFeedbackDetails"/>
</config>
