<config xmlns:xsi="http://www.w3.org/2001/XMLSchema-instance" xsi:noNamespaceSchemaLocation="../../../../../lib/internal/Magento/Framework/ObjectManager/etc/config.xsd">
    <type name="Magento\Framework\View\Element\UiComponent\DataProvider\CollectionFactory">
        <arguments>
            <argument name="collections" xsi:type="array">
                <item name="nalli_soldproductold_soldproductold_listing_data_source" xsi:type="string">Nalli\Soldproductold\Model\ResourceModel\Soldproductold\Grid\Collection</item>
            </argument>
        </arguments>
    </type>
    <virtualType name="Nalli\Soldproductold\Model\ResourceModel\Soldproductold\Grid\Collection" type="Magento\Framework\View\Element\UiComponent\DataProvider\SearchResult">
        <arguments>
            <argument name="mainTable" xsi:type="string">soldproductold</argument>
            <argument name="resourceModel" xsi:type="string">Nalli\Soldproductold\Model\ResourceModel\Soldproductold</argument>
        </arguments>
    </virtualType>
</config>
