<?xml version="1.0"?>
<!--
/**
* @category   Eighteentech
* @package    Eighteentech_ProductSync
* @author     https://www.18thdigitech.com/
*/
-->
<config xmlns:xsi="http://www.w3.org/2001/XMLSchema-instance" xsi:noNamespaceSchemaLocation="urn:magento:framework:ObjectManager/etc/config.xsd">
  <preference for="Eighteentech\ProductSync\Api\ProductUpdateManagementInterface" type="Eighteentech\ProductSync\Model\ProductUpdateManagement"/>
   <preference for="Eighteentech\ProductSync\Api\ProductAddManagementInterface" type="Eighteentech\ProductSync\Model\ProductAddManagement"/>
   
   <type name="Eighteentech\ProductSync\Logger\Handler">
        <arguments>
            <argument name="filesystem" xsi:type="object">Magento\Framework\Filesystem\Driver\File</argument>
        </arguments>
    </type>
    <type name="Eighteentech\ProductSync\Logger\Logger">
        <arguments>
            <argument name="name" xsi:type="string">productsync</argument>
            <argument name="handlers"  xsi:type="array">
                <item name="system" xsi:type="object">Eighteentech\ProductSync\Logger\Handler</item>
            </argument>
        </arguments>
    </type>
</config>
