<?xml version="1.0"?>
<!--
/**
* @category   Eighteentech
* @package    Eighteentech_ProductSync
* @author     https://www.18thdigitech.com/
*/
-->
<routes xmlns:xsi="http://www.w3.org/2001/XMLSchema-instance" xsi:noNamespaceSchemaLocation="urn:magento:module:Magento_Webapi:etc/webapi.xsd">

<!--POST API Start-->
<route method="POST" url="/V1/productsync/addProduct">
    <service class="Eighteentech\ProductSync\Api\ProductAddManagementInterface" method="addProduct"/>
    <resources>
      <resource ref="anonymous" />
    </resources>
  </route>
<!--POST API Start-->
<route method="POST" url="/V1/productsync/updateProduct">
    <service class="Eighteentech\ProductSync\Api\ProductUpdateManagementInterface" method="updateProduct"/>
    <resources>
      <resource ref="anonymous" />
    </resources>
  </route>
</routes>

