<?xml version="1.0"?>
<!--
/**
 * Copyright © Magento, Inc. All rights reserved.
 * See COPYING.txt for license details.
 */
/**
 * @category Eighteentech
 * @package  Eighteentech_OrderFeedback
 *
 */
-->
<config xmlns:xsi="http://www.w3.org/2001/XMLSchema-instance" xsi:noNamespaceSchemaLocation="urn:magento:module:Magento_Config:etc/system_file.xsd">
    <system>
        <section id="orderfeedback" translate="label" type="text" sortOrder="1005" showInDefault="1" showInWebsite="1" showInStore="1">
            <label>Order Feedback</label>
            <tab>nalli</tab>
            <resource>Eighteentech_OrderFeedback::feedback_config</resource>
            <group id="general" translate="label" type="text" sortOrder="10" showInDefault="1" showInWebsite="1" showInStore="1">
                <label>General Configuration</label>
                <field id="isenable" translate="label" type="select" sortOrder="1" showInDefault="1" showInWebsite="1" showInStore="1">
                    <label>Module Enable</label>
                    <source_model>Magento\Config\Model\Config\Source\Yesno</source_model>
                </field>                				
            </group>
        </section>
    </system>
</config>
