<?xml version="1.0"?>
<config xmlns:xsi="http://www.w3.org/2001/XMLSchema-instance"
    xsi:noNamespaceSchemaLocation="urn:magento:framework:Event/etc/events.xsd">
    <event name="checkout_cart_add_product_complete">
        <observer name="item_add_to_cart" instance="Eighteentech\GA4\Observer\Cart\ItemAddToCart" />
    </event>
    <event name="sales_quote_remove_item">
        <observer name="remove_cart_event" instance="Eighteentech\GA4\Observer\Cart\RemoveCartItem" />
    </event>
    <event name="wishlist_add_product">
        <observer name="add_to_wishlist_event" instance="Eighteentech\GA4\Observer\Wishlist\AddToWishlist" />
    </event>
    <event name="controller_action_predispatch_wishlist_index_fromcart">
        <observer name="wishlist_from_cart_event" instance="Eighteentech\GA4\Observer\Wishlist\WishlistFromCart" />
    </event>
    <event name="controller_action_predispatch_wishlist_index_cart">
        <observer name="wishlist_to_cart_event" instance="Eighteentech\GA4\Observer\Wishlist\WishlistToCart" />
    </event>
    <event name="controller_action_predispatch_wishlist_index_allcart">
        <observer name="all_wishlist_to_cart_event" instance="Eighteentech\GA4\Observer\Wishlist\AllWishlistToCart" />
    </event>
</config>
