<?xml version="1.0" ?>
<config xmlns:xsi="http://www.w3.org/2001/XMLSchema-instance" xsi:noNamespaceSchemaLocation="urn:magento:framework:ObjectManager/etc/config.xsd">
	<type name="Magento\Catalog\Model\Layer">
		<plugin name="Nalli_OutofStock_Plugin_Frontend_Magento_Catalog_Model_Layer" type="Nalli\OutofStock\Plugin\Frontend\Magento\Catalog\Model\Layer" sortOrder="10" disabled="false"/>
	</type>
    <type name="Magento\Elasticsearch7\Model\Client\Elasticsearch">
        <plugin name="elastcisearch_filter_plugin" type="Nalli\OutofStock\Model\Plugin\ElasticLayerPlugin" />
    </type>
    <type name="Magento\OpenSearch\Model\SearchClient">
        <plugin name="opensearch_filter_plugin" type="Nalli\OutofStock\Model\Plugin\OpenSearchLayerPlugin" />
    </type>
    <type name="Magento\CatalogWidget\Block\Product\ProductsList">
        <plugin name="widget_list_product" type="Nalli\OutofStock\Block\Plugin\ProductsList" />
    </type>
</config>
