<?xml version="1.0"?>
<!--
 /**
  * Weekly Report
  * Copyright (c) 2022. 18th DigiTech Team. All rights reserved.
  * @author: <mailto:info@18thdigitech.com>
  * @package Eighteentech_CategorySave
  */
-->
<config xmlns:xsi="http://www.w3.org/2001/XMLSchema-instance" xsi:noNamespaceSchemaLocation="urn:magento:module:Magento_Config:etc/system_file.xsd">
    <system>
       
        <section id="categorysave" translate="label" sortOrder="130" showInDefault="1" showInWebsite="1" showInStore="1">
            <class>separator-top</class>
            <label>Category Save Configurations</label>
            <tab>nalli</tab>
            <resource>Eighteentech_CategorySave::categorysave_config</resource>
            <group id="general" translate="label" type="text" sortOrder="10" showInDefault="1" showInWebsite="0" showInStore="0">
                <label>General Configuration</label>
                 <field id="enable" translate="label" type="select" showInDefault="1" canRestore="1">
					<label>Enabled</label>
					<source_model>Magento\Config\Model\Config\Source\Yesno</source_model>
				 </field>
                
            </group>
        </section>
    </system>
</config>
