<!--
 /**
  * Copyright (c) 2021. 18th DigiTech Team. All rights reserved.
  * @author: <mailto:info@18thdigitech.com>
  * @package Nalli_Ipdetails
  */
-->
<config xmlns:xsi="http://www.w3.org/2001/XMLSchema-instance" xsi:noNamespaceSchemaLocation="../../../../../lib/internal/Magento/Framework/ObjectManager/etc/config.xsd">
    <type name="Magento\Framework\View\Element\UiComponent\DataProvider\CollectionFactory">
        <arguments>
            <argument name="collections" xsi:type="array">
                <item name="nalli_ipdetails_ipdetails_listing_data_source" xsi:type="string">Nalli\Ipdetails\Model\ResourceModel\Ipdetails\Grid\Collection</item>
            </argument>
        </arguments>
    </type>
    <virtualType name="Nalli\Ipdetails\Model\ResourceModel\Ipdetails\Grid\Collection" type="Magento\Framework\View\Element\UiComponent\DataProvider\SearchResult">
        <arguments>
            <argument name="mainTable" xsi:type="string">ipdetails</argument>
            <argument name="resourceModel" xsi:type="string">Nalli\Ipdetails\Model\ResourceModel\Ipdetails</argument>
        </arguments>
    </virtualType>
	<!--add custom log-->
	<type name="Nalli\Ipdetails\Logger\Handler">
        <arguments>
            <argument name="filesystem" xsi:type="object">Magento\Framework\Filesystem\Driver\File</argument>
        </arguments>
    </type>
    <type name="Nalli\Ipdetails\Logger\Logger">
        <arguments>
            <argument name="name" xsi:type="string">Ipdetails</argument>
            <argument name="handlers" xsi:type="array">
                <item name="system" xsi:type="object">Nalli\Ipdetails\Logger\Handler</item>
            </argument>
        </arguments>
    </type>
</config>
