<?xml version="1.0" ?>
<config xmlns:xsi="http://www.w3.org/2001/XMLSchema-instance" xsi:noNamespaceSchemaLocation="urn:magento:module:Magento_Config:etc/system_file.xsd">
    <system>
        <section id="outofstock" sortOrder="1025" showInWebsite="1" showInStore="1" showInDefault="1" translate="label">
            <label>Out of stock</label>
            <tab>nalli</tab>
            <resource>Nalli_OutofStock::config_nalli_outofstock</resource>
            <group id="general" sortOrder="9" showInWebsite="1" showInStore="1" showInDefault="1" translate="label">
                <label>General Configuration</label>
                <field id="enabled" type="select" sortOrder="10" showInWebsite="1" showInStore="1" showInDefault="1" translate="label">
                    <label>Enabled</label>
                    <comment/>
                    <source_model>Magento\Config\Model\Config\Source\Yesno</source_model>
                </field>
            </group>
            <group id="selection_page" sortOrder="10" showInWebsite="1" showInStore="1" showInDefault="1" translate="label">
                <label>Categories Selection</label>
                <field id="categories" type="multiselect" sortOrder="10" showInWebsite="1" showInStore="1" showInDefault="1" translate="label">
                    <label>categories</label>
                    <can_be_empty>1</can_be_empty>
                    <comment/>
                    <source_model>Nalli\OutofStock\Model\Config\Source\Categories</source_model>
                </field>
            </group>
            <group id="email" sortOrder="11" showInWebsite="1" showInStore="1" showInDefault="1" translate="label">
                <label>Email Address Configuration</label>
                <field id="address_cc" type="text" sortOrder="10" showInWebsite="1" showInStore="1" showInDefault="1" translate="label">
                    <label>Email Address</label>
                    <comment>Enter email address to use as CC for product alert.</comment>
                </field>
                <field id="template" type="select" sortOrder="12" showInWebsite="1" showInStore="1" showInDefault="1" translate="label">
                    <label>Email Template</label>
                    <comment/>
                    <source_model>Magento\Config\Model\Config\Source\Email\Template</source_model>
                </field>
                <field id="identity" type="select" sortOrder="13" showInWebsite="1" showInStore="1" showInDefault="1" translate="label">
                    <label>Identity</label>
                    <comment/>
                    <source_model>Magento\Config\Model\Config\Source\Email\Identity</source_model>
                </field>
            </group>

        </section>
    </system>
</config>
