<?xml version="1.0"?>
<config xmlns:xsi="http://www.w3.org/2001/XMLSchema-instance" xsi:noNamespaceSchemaLocation="urn:magento:module:Magento_Config:etc/system_file.xsd">
  <system>
    <section id="privatecategory" translate="label" sortOrder="130" showInDefault="1" showInWebsite="1" showInStore="1">
      <class>separator-top</class>
      <label>NJ Clubsilk</label>
      <tab>nalli</tab>
      <resource>Nalli_Privatecategory::privatecategory_config</resource>
      <group id="general" translate="label" type="text" sortOrder="10" showInDefault="1" showInWebsite="0" showInStore="0">
        <label>General Configuration</label>
        <field id="enable" translate="label" type="select" sortOrder="1" showInDefault="1" showInWebsite="0" showInStore="0">
          <label>Module Enable</label>
          <source_model>Magento\Config\Model\Config\Source\Yesno</source_model>
        </field>
        <field id="session_timeout" translate="label" type="text" sortOrder="1" showInDefault="1" showInWebsite="0" showInStore="0">
          <label>Session Timeout in seconds</label>
          <comment>Default value is 1800 (30 min)</comment>
        </field>
      </group>
    </section>
  </system>
</config>