<?xml version="1.0"?>
<!--
/**
 * Copyright © Magento, Inc. All rights reserved.
 * See COPYING.txt for license details.
 *
 * @category Eighteentech
 * @package  Eighteentech_Increff
 *
 */
-->
<config xmlns:xsi="http://www.w3.org/2001/XMLSchema-instance" xsi:noNamespaceSchemaLocation="../../../Config/etc/system_file.xsd">
    <system>
        <tab id="crocs_config_tab" translate="label" sortOrder="999">
            <label>Crocs</label>
        </tab>
        <section id="eighteenincreff_section" translate="label" type="text" sortOrder="900" showInDefault="1" showInWebsite="1" showInStore="1">
            <label>Increff</label>
            <tab>crocs_config_tab</tab>
            <resource>Eighteentech_Increff::config</resource>
            <group id="general" translate="label" type="text" sortOrder="10" showInDefault="1" showInWebsite="1" showInStore="1">
                <label>General</label>
                <field id="enable" translate="label" type="select" sortOrder="10" showInDefault="1" showInWebsite="1" showInStore="1">
                    <label>Enable Increff</label>
                    <source_model>Magento\Config\Model\Config\Source\Yesno</source_model>
                </field>
            </group>
            <group id="increff" translate="label" type="text" sortOrder="20" showInDefault="1" showInWebsite="1" showInStore="1">
                <label>Increff</label>
                <field id="increrff_api_url" translate="label" type="text" sortOrder="30" showInDefault="1" showInWebsite="1" showInStore="1" canRestore="1">
                    <label>Increff API URL</label>
                    <comment>https://staging-common-assure.increff.com/magento</comment>
                </field>
                <field id="increrff_api_user" translate="label" type="text" sortOrder="40" showInDefault="1" showInWebsite="1" showInStore="1" canRestore="1">
                    <label>Increff API User</label>
                </field>
                <field id="increrff_api_pass" translate="label" type="text" sortOrder="45" showInDefault="1" showInWebsite="1" showInStore="1" canRestore="1">
                    <label>Increff API Pass</label>
                </field>                
               <!--  <field id="source" translate="label" type="text" sortOrder="50" showInDefault="1" showInWebsite="1" showInStore="1" canRestore="1">
                    <label>Source</label>
                </field> -->
                <field id="channel_id" translate="label" type="text" sortOrder="60" showInDefault="1" showInWebsite="1" showInStore="1">
                    <label>Channel Id</label>
                </field>
                <field id="locationCode" translate="label" type="text" sortOrder="80" showInDefault="1" showInWebsite="1" showInStore="1" canRestore="1">
                    <label>Location Code</label>
                </field>
               <!--  <field id="marketplace_name" translate="label" type="text" sortOrder="70" showInDefault="1" showInWebsite="1" showInStore="1" canRestore="1">
                    <label>Marketplace Name</label>
                </field> -->
                <!-- <field id="cluster_id" translate="label" type="text" sortOrder="90" showInDefault="1" showInWebsite="1" showInStore="1" canRestore="1">
                    <label>Cluster Id</label>
                </field>
                <field id="warehouse_id" translate="label" type="text" sortOrder="100" showInDefault="1" showInWebsite="1" showInStore="1" canRestore="1">
                    <label>Warehouse Id</label>
                </field> -->
            </group>
            <group id="rmssync" translate="label" type="text" sortOrder="50" showInDefault="1" showInWebsite="1" showInStore="1">
                <label>Increff Invoice</label>
                <field id="increrff_invoice_api_url" translate="label" type="text" sortOrder="30" showInDefault="1" showInWebsite="1" showInStore="1" canRestore="1">
                    <label>Increff Invoice API URL</label>
                </field>
                <field id="increrff_invoice_api_user" translate="label" type="text" sortOrder="40" showInDefault="1" showInWebsite="1" showInStore="1" canRestore="1">
                    <label>Increff Invoice API User</label>
                </field>
                <field id="increrff_invoice_api_pass" translate="label" type="text" sortOrder="45" showInDefault="1" showInWebsite="1" showInStore="1" canRestore="1">
                    <label>Increff Invoice API Pass</label>
                </field>
                <field id="increrff_domain_name" translate="label" type="text" sortOrder="50" showInDefault="1" showInWebsite="1" showInStore="1" canRestore="1">
                    <label>Domain Name</label>
                </field>   
            </group>
            <group id="rmasync" translate="label" type="text" sortOrder="50" showInDefault="1" showInWebsite="1" showInStore="1">
                <label>RMA Sync configuration</label>
                <field id="enable" translate="label" type="select" sortOrder="10" showInDefault="1" showInWebsite="1" showInStore="1" canRestore="1">
                    <label>Enable</label>
                    <source_model>Magento\Config\Model\Config\Source\Yesno</source_model>
                </field>
                <field id="start_date" translate="label" type="text" sortOrder="20" showInDefault="1" showInWebsite="1" showInStore="1" canRestore="1">
                    <label>RMA Sync Start Date</label>
                    <comment>Date format: YYYY-MM-DD (Ex: 2022-06-28)</comment>
                    <depends>
                        <field id="enable">1</field>
                    </depends>
                </field>
                <field id="allowed_stores" translate="label" type="text" sortOrder="30" showInDefault="1" showInWebsite="1" showInStore="1" canRestore="1">
                    <label>Allowed Store Ids</label>
                    <comment>Comma separated (Ex: 1,2)</comment>
                    <depends>
                        <field id="enable">1</field>
                    </depends>
                </field>
                <field id="email_enable" translate="label" type="select" sortOrder="40" showInDefault="1" showInWebsite="1" showInStore="1" canRestore="1">
                    <label>Send Increrff system down Email</label>
                    <source_model>Magento\Config\Model\Config\Source\Yesno</source_model>
                </field>
                <field id="email_template" translate="label" type="select" sortOrder="50" showInDefault="1" showInWebsite="1" showInStore="1">
                    <label>RMA Sync Item Email Template</label>
                    <source_model>Magento\Config\Model\Config\Source\Email\Template</source_model>
                </field>
            </group>
            <group id="cron_job" translate="label" type="text" sortOrder="60" showInDefault="1" showInWebsite="1" showInStore="1">
                <label>Cron Jobs Frequency</label>
                <field id="increrff_rma_sync" translate="label" type="text" sortOrder="20" showInDefault="1" showInWebsite="1" showInStore="1" canRestore="1">
                    <label>RMA Sync</label>
                </field>
                <field id="logs" translate="label" type="text" sortOrder="30" showInDefault="1" showInWebsite="1" showInStore="1" canRestore="1">
                    <label>Clear Logs</label>
                </field>
            </group>
            <group id="logging" translate="label" type="text" sortOrder="70" showInDefault="1" showInWebsite="1" showInStore="1">
                <label>Logs</label>
                <field id="enable" translate="label" type="select" sortOrder="10" showInDefault="1" showInWebsite="1" showInStore="1" canRestore="1">
                    <label>Enable Logger</label>
                    <source_model>Magento\Config\Model\Config\Source\Yesno</source_model>
                </field>
                <field id="clean_logs" translate="label" type="text" sortOrder="20" showInDefault="1" showInWebsite="1" showInStore="1" canRestore="1">
                    <label>Clean Process Log Every</label>
                    <comment>Day(s). If empty or zero, the process log will not be clean.</comment>
                </field>
            </group>
        </section>
    </system>
</config>
