<?xml version="1.0"?>
<!--
* @author 18th DigiTech Team
* @copyright Copyright (c) 2023 18th DigiTech (https://www.18thdigitech.com)
* @package Eighteen_Core
-->
<config xmlns:xsi="http://www.w3.org/2001/XMLSchema-instance" xsi:noNamespaceSchemaLocation="urn:magento:module:Magento_Config:etc/system_file.xsd">
    <system>
        <tab id="eighteen" translate="label" sortOrder="400" class="eighteen-extensions">
            <label>Eighteen</label>
        </tab>
        <!--<section id="coregeneral" translate="label" type="text" sortOrder="5" showInDefault="1" showInWebsite="1" showInStore="1">
            <label>General</label>
            <tab>eighteen</tab>
            <resource>Eighteen_Core::config_coregeneral</resource>
            <group id="general" translate="label" type="text" sortOrder="10" showInDefault="1" showInWebsite="1" showInStore="1">
                <label>General</label>   
                <field id="enable" translate="label" type="select" sortOrder="5" showInDefault="1" showInWebsite="1" showInStore="1">
                    <label>Enable</label>
                    <source_model>Magento\Config\Model\Config\Source\Yesno</source_model>
                </field>             
            </group>
        </section>
        <section id="clear_process" translate="label" type="text" sortOrder="30" showInDefault="1" showInWebsite="1" showInStore="1">
            <label>Clear Process Logs</label>
            <tab>wildcraft</tab>
            <resource>Eighteen_Core::config_coregeneral</resource>
            <group id="clear_process_logs" translate="label" type="text" sortOrder="30" showInDefault="1" showInWebsite="1" showInStore="1">
                <label>Clear Process Logs</label>
                <field id="enable" translate="label" type="select" sortOrder="5" showInDefault="1" showInWebsite="1" showInStore="1">
                    <label>Enable</label>
                    <source_model>Magento\Config\Model\Config\Source\Yesno</source_model>
                </field>               
                <field id="clear_log_cron" translate="label" type="text" sortOrder="10" showInDefault="1" showInWebsite="1" showInStore="1">
                    <label>Clear Process Cron</label>
                    <validate>required-entry</validate>
                    <comment>Run at every minutes (* * * * *).
                    To clear log file.</comment>                    
                </field>            
            </group>
        </section>-->
    </system>
</config>
