<?xml version="1.0"?>
<!--
  * Copyright (c) 2021. 18th DigiTech Team. All rights reserved.
  * @author: <mailto:info@18thdigitech.com>
  * @package Nalli_Payment
-->
<config xmlns:xsi="http://www.w3.org/2001/XMLSchema-instance" xsi:noNamespaceSchemaLocation="urn:magento:framework:Module/etc/module.xsd">
    <module name="Nalli_Payment" setup_version="0.1.0">
        <sequence>
            <module name="Magento_Sales"/>
            <module name="Magento_Payment"/>
            <module name="Magento_Checkout"/>
            <module name="Magento_Directory" />
            <module name="Magento_Config" />
			<module name="Razorpay_Magento" />
        </sequence>
    </module>
</config>
