<?xml version="1.0"?>
<!--
/**
 * @author 18th DigiTech Team
 * @copyright Copyright (c) 2022 18th DigiTech (https://www.18thdigitech.com)
 * @package Eighteen_OrderItemRto
 */
-->
<config xmlns:xsi="http://www.w3.org/2001/XMLSchema-instance" xsi:noNamespaceSchemaLocation="urn:magento:module:Magento_Cron:etc/crontab.xsd">
     <group id="eighteen_ordersplit">
          <job instance="Eighteen\OrderItemRto\Cron\CancelOrderRto" method="execute" name="orderitem_rto_job">               
               <config_path>eighteen_orderitemrto/cronjobconfig/createorderitemrtocron</config_path>
          </job>
          <job instance="Eighteen\OrderItemRto\Cron\CancelOrderCreditMemo" method="execute" name="orderitem_creditmemo_job">               
               <config_path>eighteen_orderitemrto/cronjobconfig/createordercreditmemocron</config_path>
          </job>
     </group>     
</config>
