<?xml version="1.0"?>
<config xmlns:xsi="http://www.w3.org/2001/XMLSchema-instance" xsi:noNamespaceSchemaLocation="urn:magento:module:Magento_Cron:etc/crontab.xsd">
    <group id="increff_process">
        <job name="increff_rma_sync" instance="Eighteentech\Increff\Cron\RmaSync" method="execute">
            <config_path>eighteenoincreff_section/cron_job/increff_rma_sync</config_path>
        </job>
        <job name="increff_clear_logs" instance="Eighteentech\Increff\Cron\ManageCrons" method="clearProcessLogs">
            <config_path>eighteenincreff_section/cron_job/logs</config_path>
        </job>
    </group>
</config>
