<?xml version="1.0"?>
<!--
/**
* Copyright © Magento, Inc. All rights reserved.
* See COPYING.txt for license details.
*
* @category Eighteentech
* @package  Eighteentech_Increff
*
*/
-->
<schema xmlns:xsi="http://www.w3.org/2001/XMLSchema-instance" xsi:noNamespaceSchemaLocation="urn:magento:framework:Setup/Declaration/Schema/etc/schema.xsd">
	<table name="tbl_increff_log" resource="default" engine="innodb">
		<column xsi:type="int" name="log_id" padding="10" unsigned="true" identity="true" nullable="false" comment="Log Id" />
		<column xsi:type="int" name="log_type" padding="4" nullable="false" comment="Log Type" />
		<column xsi:type="boolean" name="status" comment="Status" />
		<column xsi:type="datetime" name="start_at" nullable="false" on_update="false" default="CURRENT_TIMESTAMP" comment="Start At" />
		<column xsi:type="datetime" name="complete_at" nullable="true" comment="Complet At" />
		<column xsi:type="text" name="message" nullable="true" comment="Message" />
		<constraint xsi:type="primary" referenceId="PRIMARY">
			<column name="log_id" />
		</constraint>
	</table>
	<!-- <table name="quote" resource="sales" engine="innodb" comment="Quote">
		<column xsi:type="datetime" name="date_of_delivery" nullable="true" comment="Estimated Date Of Delivery" />
	</table>
	<table name="quote_item" resource="sales" engine="innodb" comment="Quote Item">
		<column xsi:type="datetime" name="date_of_delivery" nullable="true" comment="Estimated Date Of Delivery" />
	</table>
	<table name="sales_order" resource="sales" engine="innodb" comment="Sales Order">
		<column xsi:type="datetime" name="date_of_delivery" nullable="true" comment="Estimated Date Of Delivery" />
	</table>
	<table name="sales_order_item" resource="sales" engine="innodb" comment="Sales Order Item">
		<column xsi:type="datetime" name="date_of_delivery" nullable="true" comment="Estimated Date Of Delivery" />
	</table>
	<table name="sales_shipment_track" resource="sales" engine="innodb" comment="Sales Flat Shipment Track">
		<column xsi:type="text" name="tracking_url" nullable="true" comment="Tracking url" />
	</table> -->
	<table name="magento_rma" resource="default" engine="innodb" comment="RMA LIst">
		<column xsi:type="boolean" name="increff_status" nullable="false" default="0" comment="Increff Status" />
		<column xsi:type="smallint" name="increff_attempt" padding="4" unsigned="true" nullable="false" default="0" comment="Increff attempt" />
	</table>
	<table name="magento_rma_grid" resource="default" engine="innodb" comment="RMA LIst">
		<column xsi:type="boolean" name="increff_status" nullable="false" default="0" comment="Increff Status" />
	</table>
	<table name="magento_rma_item_entity" resource="default" engine="innodb" comment="RMA Item Entity">
		<column xsi:type="boolean" name="increff_status" nullable="false" default="0" comment="Increff Status" />
		<column xsi:type="smallint" name="increff_attempt" padding="4" unsigned="true" nullable="false" default="0" comment="Increff attempt" />
	</table>
</schema>
