{
    "tbl_increff_log": {
        "column": {
            "log_id": true,
            "log_type": true,
            "status": true,
            "start_at": true,
            "complete_at": true,
            "message": true
        },
        "constraint": {
            "PRIMARY": true
        }
    },
    "magento_rma": {
        "column": {
            "increff_status": true,
            "increff_attempt": true
        }
    },
    "magento_rma_grid": {
        "column": {
            "increff_status": true
        }
    },
    "magento_rma_item_entity": {
        "column": {
            "increff_status": true,
            "increff_attempt": true
        }
    }
}