<?xml version="1.0"?>
<!--
/**
* Copyright © Magento, Inc. All rights reserved.
* See COPYING.txt for license details.
*
* @category Eighteentech
* @package  Eighteentech_Increff
*/
-->
<config xmlns:xsi="http://www.w3.org/2001/XMLSchema-instance" xsi:noNamespaceSchemaLocation="urn:magento:framework:ObjectManager/etc/config.xsd">
	<preference for="Magento\Rma\Block\Adminhtml\Rma\Grid" type="Eighteentech\Increff\Block\Adminhtml\Rma\Grid" />
	<type name="Eighteentech\Increff\Logger\Logger">
		<arguments>
			<argument name="name" xsi:type="string">
				customLogHandler
			</argument>
			<argument name="handlers" xsi:type="array">
				<item name="system" xsi:type="object">
					Eighteentech\Increff\Logger\Handler
				</item>
			</argument>
		</arguments>
	</type>
	<virtualType name="Magento\Rma\Model\ResourceModel\Rma\Grid">
		<arguments>
			<argument name="columns" xsi:type="array">
				<item name="increff_status" xsi:type="string">
					magento_rma.increff_status
				</item>
			</argument>
		</arguments>
	</virtualType>
</config>
