<?xml version="1.0"?>
<schema xmlns:xsi="http://www.w3.org/2001/XMLSchema-instance"
        xsi:noNamespaceSchemaLocation="urn:magento:framework:Setup/Declaration/Schema/etc/schema.xsd">

    <table name="quote">
        <column xsi:type="decimal" name="original_grand_total" precision="12" scale="4" nullable="true"
                comment="Original GrandTotal"/>
        <column xsi:type="decimal" name="base_original_grand_total" precision="12" scale="4" nullable="true"
                comment="Base Original GrandTotal"/>
    </table>

    <table name="sales_order">
        <column xsi:type="decimal" name="original_grand_total" precision="12" scale="4" nullable="true"
                comment="Original GrandTotal"/>
        <column xsi:type="decimal" name="base_original_grand_total" precision="12" scale="4" nullable="true"
                comment="Base Original GrandTotal"/>
    </table>

    <table name="sales_invoice">
        <column xsi:type="decimal" name="original_grand_total" precision="12" scale="4" nullable="true"
                comment="Original GrandTotal"/>
        <column xsi:type="decimal" name="base_original_grand_total" precision="12" scale="4" nullable="true"
                comment="Base Original GrandTotal"/>
    </table>
    <table name="catalog_product_entity_varchar" resource="default">
        <column xsi:type="bigint" name="value_id" unsigned="false" nullable="false" identity="true" comment="Value ID"/>
    </table>    
</schema>
