<?xml version="1.0"?>
<config xmlns:xsi="http://www.w3.org/2001/XMLSchema-instance" xsi:noNamespaceSchemaLocation="urn:magento:framework:ObjectManager/etc/config.xsd">
    <type name="Magento\Quote\Model\Quote\Address\Total\Grand">
        <plugin name="order_grand_total_round_off" type="Nalli\PriceRoundOff\Plugin\Model\Quote\Address\Total\Grand" sortOrder="10" />
    </type>
    <type name="Magento\Sales\Model\Order\Invoice\Total\Grand">
        <plugin name="invoice_grand_total_round_off" type="Nalli\PriceRoundOff\Plugin\Model\Order\Invoice\Total\Grand" sortOrder="10" />
    </type>
    <type name="Magento\Directory\Model\Currency">
        <plugin name="currency_round_off" type="Nalli\PriceRoundOff\Plugin\Model\Currency" sortOrder="10" />
    </type>
	<!--preference for="Magento\Sales\Model\Order\Pdf\Total\DefaultTotal" type="Nalli\PriceRoundOff\Model\Sales\Order\Pdf\ExtraFee" /-->
    <preference for="Magento\Catalog\Ui\DataProvider\Product\Form\Modifier\General" type="Nalli\PriceRoundOff\Ui\DataProvider\Product\Form\Modifier\General" />
    <preference for="Magento\Catalog\Ui\Component\Listing\Columns\Price" type="Nalli\PriceRoundOff\Ui\Component\Listing\Columns\Price" />
    <preference for="Magento\Backend\Block\Widget\Grid\Column\Renderer\Currency" type="Nalli\PriceRoundOff\Block\Widget\Grid\Column\Renderer\Currency" />
    <preference for="Magento\ConfigurableProduct\Ui\DataProvider\Product\Form\Modifier\Data\AssociatedProducts" type="Nalli\PriceRoundOff\Ui\DataProvider\Product\Form\Modifier\Data\AssociatedProducts"/> 
</config>
