<?xml version="1.0"?>
<!--
/**
 * Copyright © Magento, Inc. All rights reserved.
 * See COPYING.txt for license details.
 */
-->
<config xmlns:xsi="http://www.w3.org/2001/XMLSchema-instance" xsi:noNamespaceSchemaLocation="urn:magento:framework:Api/etc/extension_attributes.xsd">
<!--    <extension_attributes for="Magento\Sales\Api\Data\QuoteInterface">
        <attribute code="original_grand_total" type="float" />
        <attribute code="base_original_grand_total" type="float" />
    </extension_attributes>-->
    <extension_attributes for="Magento\Sales\Api\Data\OrderInterface">
        <attribute code="original_grand_total" type="float" />
        <attribute code="base_original_grand_total" type="float" />
    </extension_attributes>
</config>
