<?xml version="1.0"?>
<!--
/**
 * Copyright © Magento, Inc. All rights reserved.
 * See COPYING.txt for license details.
 */
-->
<config xmlns:xsi="http://www.w3.org/2001/XMLSchema-instance"
        xsi:noNamespaceSchemaLocation="urn:magento:framework:DataObject/etc/fieldset.xsd">
    <scope id="global">
        
        <fieldset id="sales_convert_quote_address">
            <field name="original_grand_total">
                <aspect name="to_order" />
            </field>
            <field name="base_original_grand_total">
                <aspect name="to_order" />
            </field>
        </fieldset>
    </scope>
</config>
