<?xml version="1.0"?>
<config xmlns:xsi="http://www.w3.org/2001/XMLSchema-instance" xsi:noNamespaceSchemaLocation="urn:magento:module:Magento_Sales:etc/pdf_file.xsd">
    <totals>
        <total name="extra_fee">
            <title translate="true">Rounded down</title>
            <source_field>extra_fee</source_field>
            <font_size>7</font_size>
            <display_zero>true</display_zero>
            <model>Nalli\PriceRoundOff\Model\Sales\Order\Pdf\ExtraFee</model>
            <sort_order>350</sort_order>
        </total>
    </totals>
</config>
