<?xml version="1.0"?>
<!--
/**
 * system configuration file
 *
 * Copyright (c) 2021. 18th DigiTech Team. All rights reserved.
 * @author  18th Digitech <info@18thdigitech.com>
 * @package Eighteentech_WhatsAppChat
 */
-->
<config xmlns:xsi="http://www.w3.org/2001/XMLSchema-instance" xsi:noNamespaceSchemaLocation="urn:magento:module:Magento_Config:etc/system_file.xsd">
  <system>
    <section id="eship" translate="label" sortOrder="130" showInDefault="1" showInWebsite="1" showInStore="1">
      <class>separator-top</class>
      <label>Eshipment Track</label>
      <tab>nalli</tab>
      <resource>Eighteentech_Eshipment::eshipment</resource>
      <group id="eshipment" translate="label" type="text" sortOrder="51" showInDefault="1" showInWebsite="1" showInStore="1">
        <label>Eshipment Configuration</label>
        <field id="status" translate="label" type="select" sortOrder="10" showInDefault="1" showInWebsite="1" showInStore="0" canRestore="1">
          <label>Status</label>
          <source_model>Magento\Config\Model\Config\Source\Yesno</source_model>
          <comment>Enable/ disable</comment>
        </field>
        <field id="encryption" translate="label" type="text" sortOrder="11" showInDefault="1" showInWebsite="0" showInStore="0">
          <label>Encryption Key(X-API-TOKEN)</label>
		  <validate>required-entry</validate>
          <depends>
            <field id="status">1</field>
          </depends>
        </field>
        <field id="dynamic" translate="label" type="select" sortOrder="12" showInDefault="1" showInWebsite="1" showInStore="0" canRestore="1">
          <label>Display Dynamic order Id</label>
          <source_model>Magento\Config\Model\Config\Source\Yesno</source_model>
          <comment>Enable/ disable</comment>
        </field>
        <field id="order_id" translate="label" type="text" sortOrder="13" showInDefault="1" showInWebsite="0" showInStore="0">
          <label>order id</label>
          <comment>This order id is use to collect Info form Eship.(it only work when Dynamic order Id=NO)</comment>
          <depends>
            <field id="dynamic">0</field>
          </depends>
        </field>
		<field id="url" translate="label" type="text" sortOrder="14" showInDefault="1" showInWebsite="0" showInStore="0">
          <label>API URL</label>
          <comment>API URL(https://app.eshipz.com/api/v1/trackings)</comment>
		  <validate>required-entry validate-url</validate>

          <depends>
            <field id="status">1</field>
          </depends>
        </field>
      </group>
    </section>
  </system>
</config>
