<?xml version="1.0"?>
<schema xmlns:xsi="http://www.w3.org/2001/XMLSchema-instance"
        xsi:noNamespaceSchemaLocation="urn:magento:framework:Setup/Declaration/Schema/etc/schema.xsd">
    <table name="sales_payment_transaction" resource="sales" engine="innodb" comment="Sales Order Erp invoice">
        <column xsi:type="varchar" name="erp_invoice_id" nullable="true" length="255" comment="Order Erp invoice Id"/>
        <column xsi:type="varchar" name="invoice_id" nullable="true" length="255" comment="invoice Id"/>
    </table>
    <table name="sales_order">
        <column xsi:type="varchar" name="invoice_id" nullable="true" length="50" comment="Invoice ID" />
        <column xsi:type="varchar" name="transaction_id" nullable="true" length="250" comment="transaction ID" />
    </table>
    <table name="sales_order_grid">
        <column xsi:type="varchar" name="invoice_id" nullable="true" length="50" comment="Invoice ID" />
        <column xsi:type="varchar" name="transaction_id" nullable="true" length="250" comment="transaction ID" />
    </table>
</schema>