<?xml version="1.0"?>
<!--
/**
 * system configuration file
 *
 * Copyright (c) 2021. 18th DigiTech Team. All rights reserved.
 * @author  18th Digitech <info@18thdigitech.com>
 * @package Eighteentech_CustomerWishlist
 */
-->
<config xmlns:xsi="http://www.w3.org/2001/XMLSchema-instance" xsi:noNamespaceSchemaLocation="urn:magento:module:Magento_Config:etc/system_file.xsd">
  <system>
    <section id="customerwishlist" translate="label" sortOrder="130" showInDefault="1" showInWebsite="1" showInStore="1">
      <class>separator-top</class>
      <label>Customer Wishlist</label>
      <tab>nalli</tab>
      <resource>Eighteentech_CustomerWishlist::customerwishlist</resource>
      <group id="customer_wishlist" translate="label" type="text" sortOrder="51" showInDefault="1" showInWebsite="1" showInStore="1">
        <label>Customer Wishlist</label>
        <field id="status" translate="label" type="select" sortOrder="10" showInDefault="1" showInWebsite="1" showInStore="0" canRestore="1">
          <label>Status</label>
          <source_model>Magento\Config\Model\Config\Source\Yesno</source_model>
          <comment>Enable/ disable </comment>
        </field>
        <field id="cart_limit" translate="label" type="text" sortOrder="10" showInDefault="1" showInWebsite="1" showInStore="1" canRestore="1">
          <label>Cart Page Limit Product</label>
          
          <depends>
            <field id="status">1</field>
          </depends>
        </field>
       
      </group>
    </section>
  </system>
</config>
