<?xml version="1.0" encoding="UTF-8"?>
<!--
  * Copyright (c) 2021. 18th DigiTech Team. All rights reserved.
  * @author: <mailto:info@18thdigitech.com>
  * @package Eighteentech_CategoryWidget
-->
<widgets xmlns:xsi="http://www.w3.org/2001/XMLSchema-instance"
         xsi:noNamespaceSchemaLocation="urn:magento:module:Magento_Widget:etc/widget.xsd">
  <!-- <widget id="catalog_category_list"
            class="Eighteentech\CategoryWidget\Block\Category\Widget\CategoryList">
    <label translate="true">Catalog Category with Product Grid</label>
    <description translate="true">Category Grid</description>
    <parameters>
      <parameter name="page_size" xsi:type="text" required="true" visible="true">
        <label translate="true">Number of Category to display</label>
        <value>5</value>
      </parameter>
	  <parameter name="product_size" xsi:type="text" required="true" visible="true">
        <label translate="true">Number of Product to display</label>
        <value>10</value>
      </parameter>
      <parameter name="condition" xsi:type="conditions" visible="true" required="true" sort_order="10"
                       class="Magento\CatalogWidget\Block\Product\Widget\Conditions">
        <label translate="true">Conditions</label>
      </parameter>
      <parameter name="template" xsi:type="select" required="true" visible="true">
        <label>Template</label>
        <options>
          <option name="grid" value="category/widget/grid.phtml" selected="true">
            <label translate="true">Grid Template</label>
          </option>
        </options>
      </parameter>
    </parameters>
    <containers>
      <container name="content">
        <template name="grid" value="grid" />
        <template name="list" value="list" />
      </container>
    </containers>
  </widget> -->
</widgets>
