<?xml version="1.0"?>
<!--
/**
 * Copyright © Magento, Inc. All rights reserved.
 * See COPYING.txt for license details.
 */
/**
 * @category Eighteentech
 * @package  Eighteentech_Netcore 
 *
 */
-->
<csp_whitelist xmlns:xsi="http://www.w3.org/2001/XMLSchema-instance" xsi:noNamespaceSchemaLocation="urn:magento:module:Magento_Csp/etc/csp_whitelist.xsd">
    <policies>
        <policy id="script-src">
            <values>
                <value id="netcore" type="host">*.netcore.co.in/</value>
                <value id="hansel" type="host">*.hansel.io/</value>
                <value id="netcoresmartech" type="host">*.netcoresmartech.com</value>
                <value id="boxx" type="host">*.boxx.ai/</value>
            </values>
        </policy>
        <policy id="connect-src">
            <values>
                <value id="netcore" type="host">*.netcore.co.in/</value>
                <value id="hansel" type="host">*.hansel.io/</value>
                <value id="netcoresmartech" type="host">*.netcoresmartech.com</value>
                <value id="boxx" type="host">*.boxx.ai/</value>
            </values>
        </policy>
        <policy id="style-src">
            <values>
                <value id="netcore" type="host">*.netcore.co.in/</value>
                <value id="hansel" type="host">*.hansel.io/</value>
                <value id="netcoresmartech" type="host">*.netcoresmartech.com</value>
                <value id="boxx" type="host">*.boxx.ai/</value>
            </values>
        </policy>
        <policy id="manifest-src">
            <values>
                <value id="netcore" type="host">*.netcore.co.in/</value>
                <value id="hansel" type="host">*.hansel.io/</value>
                <value id="netcoresmartech" type="host">*.netcoresmartech.com</value>
                <value id="boxx" type="host">*.boxx.ai/</value>
            </values>
        </policy>
        <policy id="font-src">
            <values>
                <value id="netcore" type="host">*.netcore.co.in/</value>
                <value id="hansel" type="host">*.hansel.io/</value>
                <value id="netcoresmartech" type="host">*.netcoresmartech.com</value>
                <value id="localnetcoresmartech" type="host">https://local.netcoresmartech.com:3000</value>
                <value id="boxx" type="host">*.boxx.ai/</value>
            </values>
        </policy>
    </policies>
</csp_whitelist>
