<?xml version="1.0" ?>
<!--
/*
 * Netcore Cee Module
 * @category  Smartech Module
 * @package   Netcore_Cee
 * @copyright 2021 all rights reserved
 */
-->
<config xmlns:xsi="http://www.w3.org/2001/XMLSchema-instance" xsi:noNamespaceSchemaLocation="urn:magento:framework:ObjectManager/etc/config.xsd">
	<type name="Eighteentech\Netcore\Logger\Logger">
		<arguments>
			<argument name="name" xsi:type="string">SmartechApi</argument>
			<argument name="handlers"  xsi:type="array">
				<item name="system" xsi:type="object">Eighteentech\Netcore\Logger\Handler</item>
			</argument>
		</arguments>
	</type>
</config>
