<?xml version="1.0" ?>
<schema xmlns:xsi="http://www.w3.org/2001/XMLSchema-instance" xsi:noNamespaceSchemaLocation="urn:magento:framework:Setup/Declaration/Schema/etc/schema.xsd">
	<table name="nalli_instockadvance_instockadvacne" resource="default" engine="innodb" comment="nalli_instockadvance_instockadvacne Table">
		<column xsi:type="int" name="instockadvacne_id" padding="10" unsigned="true" nullable="false" identity="true" comment="Entity Id"/>
		<constraint xsi:type="primary" referenceId="PRIMARY">
			<column name="instockadvacne_id"/>
		</constraint>
		<column name="entity_id" nullable="true" xsi:type="varchar" comment="Collection Id" length="255"/>
		<column name="attribute_set_id" nullable="true" xsi:type="text" comment="Attribute set Id"/>
		<column name="type_id" nullable="true" xsi:type="text" comment="Type Id"/>
		<column name="sku" nullable="true" xsi:type="varchar" comment="Sku" length="255"/>
		<column name="has_options" nullable="true" xsi:type="smallint" comment="Has options" identity="false"/>
		<column name="required_options" nullable="true" xsi:type="smallint" comment="Required Options" identity="false"/>
		<column name="created_at" nullable="true" xsi:type="varchar" comment="Created At" length="255"/>
		<column name="updated_at" nullable="true" xsi:type="varchar" comment="Updated At" length="255"/>
		<column name="row_id" nullable="true" xsi:type="int" comment="Row Id" padding="10"/>
		<column name="created_in" nullable="true" xsi:type="int" comment="Created In" identity="false"/>
		<column name="updated_in" nullable="true" xsi:type="varchar" comment="Updated In" length="255"/>
		<column name="atc_count" nullable="true" xsi:type="int" comment="Atc Count" padding="10"/>
		<column name="article_type" nullable="true" xsi:type="varchar" comment="Article Type" length="255"/>
		<column name="border" nullable="true" xsi:type="int" comment="Border" identity="false" padding="10"/>
		<column name="border_type" nullable="true" xsi:type="int" comment="Border Type" identity="false" padding="10"/>
		<column name="blouse" nullable="true" xsi:type="int" comment="Blouse" identity="false" padding="10"/>
		<column name="color" nullable="true" xsi:type="int" comment="Color" identity="false" padding="10"/>
		<column name="counter" nullable="true" xsi:type="varchar" comment="Counter" length="255"/>
		<column name="fabric_purity" nullable="true" xsi:type="int" comment="Fabric Purity" identity="false" padding="10"/>
		<column name="magentoone_upload" nullable="true" xsi:type="varchar" comment="Magentoone Upload" length="255"/>
		<column name="magentoone_views" nullable="true" xsi:type="int" comment="Magentoone Views" padding="10"/>
		<column name="magentoone_totalimpressions" nullable="true" xsi:type="int" comment="Magentoone_Total Impressions" padding="10"/>
		<column name="magentoone_atc" nullable="true" xsi:type="int" comment="Magento One Atc" padding="10"/>
		<column name="material" nullable="true" xsi:type="int" comment="Material" padding="10"/>
		<column name="no_of_views" nullable="true" xsi:type="int" comment="No of views" padding="10"/>
		<column name="occasion" nullable="true" xsi:type="int" comment="Occasion" identity="false" padding="10"/>
		<column name="ornamentation_type" nullable="true" xsi:type="int" comment="Ornamentation Type" identity="false"/>
		<column name="pattern" nullable="true" xsi:type="int" comment="Pattern" identity="false" padding="10"/>
		<column name="price" nullable="true" xsi:type="decimal" comment="Price" scale="4" precision="12"/>
		<column name="small_image" nullable="true" xsi:type="varchar" comment="Small Image" length="255"/>
		<column name="store_code" nullable="true" xsi:type="int" comment="Store Code" identity="false" padding="10"/>
		<column name="style_of_work" nullable="true" xsi:type="int" comment="Style of work" identity="false" padding="10"/>
		<column name="supplier_code" nullable="true" xsi:type="varchar" comment="Supplier Code"/>
		<column name="technique" nullable="true" xsi:type="int" comment="Technique" padding="10"/>
		<column name="total_impressions" nullable="true" xsi:type="int" comment="Total Impressions" padding="10"/>
		<column name="url_key" nullable="true" xsi:type="varchar" comment="Url Key" length="255"/>
		<column name="image" nullable="true" xsi:type="varchar" comment="Image" length="255"/>
		<column name="zari_type" nullable="true" xsi:type="int" comment="Zari Type" identity="false" padding="10"/>
		<column name="age" nullable="true" xsi:type="int" comment="Age" identity="false" padding="10"/>
		<column name="views_impressions" nullable="true" xsi:type="int" comment="Views Impressions"/>
		<column name="atc_views" nullable="true" xsi:type="int" comment="Atc Views"/>
		<column name="atc" nullable="true" xsi:type="int" comment="Atc" identity="false" padding="10"/>
		<column name="stock_item" nullable="true" xsi:type="int" comment="Stock Item" identity="false" padding="10"/>
		<column name="status" nullable="true" xsi:type="int" comment="Status" identity="false" padding="10"/>
		<column name="visibility" nullable="true" xsi:type="int" comment="Visibility" identity="false" padding="10"/>
        <column name="name" nullable="true" xsi:type="varchar" comment="Name" length="255"/>
        <column name="store_id" nullable="true" xsi:type="int" comment="Store Id"/>
        <column name="category_ids" nullable="true" xsi:type="varchar" comment="Category Ids" length="255"/>
        <column name="event" nullable="true" xsi:type="varchar" comment="Event" length="255"/>
    </table>
</schema>
