{
    "nalli_instockadvance_instockadvacne": {
        "column": {
            "instockadvacne_id": true,
            "entity_id": true,
            "attribute_set_id": true,
            "type_id": true,
            "sku": true,
            "has_options": true,
            "required_options": true,
            "created_at": true,
            "updated_at": true,
            "row_id": true,
            "created_in": true,
            "updated_in": true,
            "atc_count": true,
            "article_type": true,
            "border": true,
            "border_type": true,
            "blouse": true,
            "color": true,
            "counter": true,
            "fabric_purity": true,
            "magentoone_upload": true,
            "magentoone_views": true,
            "magentoone_totalimpressions": true,
            "magentoone_atc": true,
            "material": true,
            "no_of_views": true,
            "occasion": true,
            "ornamentation_type": true,
            "pattern": true,
            "price": true,
            "small_image": true,
            "store_code": true,
            "style_of_work": true,
            "supplier_code": true,
            "technique": true,
            "total_impressions": true,
            "url_key": true,
            "image": true,
            "zari_type": true,
            "age": true,
            "views_impressions": true,
            "atc_views": true,
            "atc": true,
            "stock_item": true,
            "status": true,
            "visibility": true,
            "name": true,
            "store_id": true,
            "category_ids": true,
            "event": true
        },
        "constraint": {
            "PRIMARY": true
        }
    }
}