{
    "nalli_soldproductadvanced": {
        "column": {
            "soldproductadvance_id": true,
            "sku": true,
            "product_id": true,
            "name": true,
            "base_price": true,
            "increment_id": true,
            "status": true,
            "order_date": true,
            "billing_address_id": true,
            "shipping_address_id": true,
            "billing_country": true,
            "billing_city": true,
            "billing_region": true,
            "shipping_country": true,
            "shipping_city": true,
            "shipping_region": true,
            "product_created_at": true,
            "product_sku": true,
            "atc_count": true,
            "article_type": true,
            "border": true,
            "border_type": true,
            "blouse": true,
            "color": true,
            "counter": true,
            "fabric_purity": true,
            "magentoone_upload": true,
            "magentoone_views": true,
            "magentoone_totalimpressions": true,
            "magentoone_atc": true,
            "material": true,
            "no_of_views": true,
            "occasion": true,
            "ornamentation_type": true,
            "pattern": true,
            "price": true,
            "small_image": true,
            "store_code": true,
            "style_of_work": true,
            "supplier_code": true,
            "technique": true,
            "total_impressions": true,
            "url_key": true,
            "image": true,
            "zari_type": true,
            "age": true,
            "views_impressions": true,
            "atc_views": true,
            "atc": true,
            "product_options": true
        },
        "index": {
            "NALLI_SOLDPRODUCTADVANCED_SKU": true,
            "NALLI_SOLDPRODUCTADVANCED_PRODUCT_ID": true,
            "NALLI_SOLDPRODUCTADVANCED_NAME": true,
            "NALLI_SOLDPRODUCTADVANCED_BASE_PRICE": true,
            "NALLI_SOLDPRODUCTADVANCED_INCREMENT_ID": true,
            "NALLI_SOLDPRODUCTADVANCED_STATUS": true,
            "NALLI_SOLDPRODUCTADVANCED_ORDER_DATE": true,
            "NALLI_SOLDPRODUCTADVANCED_BILLING_ADDRESS_ID": true,
            "NALLI_SOLDPRODUCTADVANCED_SHIPPING_ADDRESS_ID": true,
            "NALLI_SOLDPRODUCTADVANCED_PRODUCT_CREATED_AT": true,
            "NALLI_SOLDPRODUCTADVANCED_ATC_COUNT": true,
            "NALLI_SOLDPRODUCTADVANCED_BLOUSE": true,
            "NALLI_SOLDPRODUCTADVANCED_COLOR": true,
            "NALLI_SOLDPRODUCTADVANCED_COUNTER": true,
            "NALLI_SOLDPRODUCTADVANCED_MAGENTOONE_UPLOAD": true,
            "NALLI_SOLDPRODUCTADVANCED_MAGENTOONE_VIEWS": true,
            "NALLI_SOLDPRODUCTADVANCED_MAGENTOONE_TOTALIMPRESSIONS": true,
            "NALLI_SOLDPRODUCTADVANCED_MAGENTOONE_ATC": true,
            "NALLI_SOLDPRODUCTADVANCED_MATERIAL": true,
            "NALLI_SOLDPRODUCTADVANCED_NO_OF_VIEWS": true,
            "NALLI_SOLDPRODUCTADVANCED_OCCASION": true,
            "NALLI_SOLDPRODUCTADVANCED_ORNAMENTATION_TYPE": true,
            "NALLI_SOLDPRODUCTADVANCED_PATTERN": true,
            "NALLI_SOLDPRODUCTADVANCED_SMALL_IMAGE": true,
            "NALLI_SOLDPRODUCTADVANCED_STORE_CODE": true,
            "NALLI_SOLDPRODUCTADVANCED_STYLE_OF_WORK": true,
            "NALLI_SOLDPRODUCTADVANCED_SUPPLIER_CODE": true,
            "NALLI_SOLDPRODUCTADVANCED_TECHNIQUE": true,
            "NALLI_SOLDPRODUCTADVANCED_TOTAL_IMPRESSIONS": true,
            "NALLI_SOLDPRODUCTADVANCED_URL_KEY": true,
            "NALLI_SOLDPRODUCTADVANCED_IMAGE": true,
            "NALLI_SOLDPRODUCTADVANCED_ZARI_TYPE": true,
            "NALLI_SOLDPRODUCTADVANCED_AGE": true,
            "NALLI_SOLDPRODUCTADVANCED_VIEWS_IMPRESSIONS": true,
            "NALLI_SOLDPRODUCTADVANCED_ATC_VIEWS": true,
            "NALLI_SOLDPRODUCTADVANCED_ATC": true
        },
        "constraint": {
            "PRIMARY": true
        }
    }
}