<?xml version="1.0" ?>
<schema xmlns:xsi="http://www.w3.org/2001/XMLSchema-instance" xsi:noNamespaceSchemaLocation="urn:magento:framework:Setup/Declaration/Schema/etc/schema.xsd">
	<table name="nalli_soldproductadvanced" resource="default" engine="innodb" comment="nalli_soldproductadvanced_soldproductadvance Table">
		<column xsi:type="int" name="soldproductadvance_id" padding="10" unsigned="true" nullable="false" identity="true" comment="Entity Id"/>
		<constraint xsi:type="primary" referenceId="PRIMARY">
			<column name="soldproductadvance_id"/>
		</constraint>
		<column name="sku" nullable="true" xsi:type="varchar" comment="Sku" length="255"/>
		<index referenceId="NALLI_SOLDPRODUCTADVANCED_SKU" indexType="btree">
			<column name="sku"/>
		</index>
		<column name="product_id" nullable="true" xsi:type="int" comment="Product Id" identity="false"/>
		<index referenceId="NALLI_SOLDPRODUCTADVANCED_PRODUCT_ID" indexType="btree">
			<column name="product_id"/>
		</index>
		<column name="name" nullable="true" xsi:type="varchar" comment="Name" length="255"/>
		<index referenceId="NALLI_SOLDPRODUCTADVANCED_NAME" indexType="btree">
			<column name="name"/>
		</index>
		<column name="base_price" nullable="true" xsi:type="decimal" comment="Base Price" scale="4" precision="12"/>
		<index referenceId="NALLI_SOLDPRODUCTADVANCED_BASE_PRICE" indexType="btree">
			<column name="base_price"/>
		</index>
		<column name="increment_id" nullable="true" xsi:type="int" comment="Increment Id" padding="10"/>
		<index referenceId="NALLI_SOLDPRODUCTADVANCED_INCREMENT_ID" indexType="btree">
			<column name="increment_id"/>
		</index>
		<column name="status" nullable="true" xsi:type="varchar" comment="Status" length="255"/>
		<index referenceId="NALLI_SOLDPRODUCTADVANCED_STATUS" indexType="btree">
			<column name="status"/>
		</index>
		<column name="order_date" nullable="true" xsi:type="varchar" comment="Order Date" length="255"/>
		<index referenceId="NALLI_SOLDPRODUCTADVANCED_ORDER_DATE" indexType="btree">
			<column name="order_date"/>
		</index>
		<column name="billing_address_id" nullable="true" xsi:type="int" comment="Billing Address Id" identity="false"/>
		<index referenceId="NALLI_SOLDPRODUCTADVANCED_BILLING_ADDRESS_ID" indexType="btree">
			<column name="billing_address_id"/>
		</index>
		<column name="shipping_address_id" nullable="true" xsi:type="int" comment="Shipping Address Id" identity="false"/>
		<index referenceId="NALLI_SOLDPRODUCTADVANCED_SHIPPING_ADDRESS_ID" indexType="btree">
			<column name="shipping_address_id"/>
		</index>
		<column name="billing_country" nullable="false" xsi:type="text" comment="Billing Country"/>
		<column name="billing_city" nullable="true" xsi:type="text" comment="Billing City"/>
		<column name="billing_region" nullable="true" xsi:type="text" comment="Billing Region"/>
		<column name="shipping_country" nullable="false" xsi:type="text" comment="Shipping Country"/>
		<column name="shipping_city" nullable="true" xsi:type="text" comment="Shipping City"/>
		<column name="shipping_region" nullable="true" xsi:type="text" comment="Shipping Region"/>
		<column name="product_created_at" nullable="false" xsi:type="varchar" comment="Product Created At" length="255"/>
		<index referenceId="NALLI_SOLDPRODUCTADVANCED_PRODUCT_CREATED_AT" indexType="btree">
			<column name="product_created_at"/>
		</index>
		<column name="product_sku" nullable="true" xsi:type="varchar" comment="Sku" length="255"/>
		<column name="atc_count" nullable="true" xsi:type="int" comment="Atc Count" padding="10"/>
		<index referenceId="NALLI_SOLDPRODUCTADVANCED_ATC_COUNT" indexType="btree">
			<column name="atc_count"/>
		</index>
		<column name="article_type" nullable="true" xsi:type="text" comment="Article Type"/>
		<column name="border" nullable="true" xsi:type="int" comment="Border" identity="false"/>
		<column name="border_type" nullable="true" xsi:type="int" comment="Border Type" identity="false"/>
		<column name="blouse" nullable="true" xsi:type="int" comment="Blouse" padding="10"/>
		<index referenceId="NALLI_SOLDPRODUCTADVANCED_BLOUSE" indexType="btree">
			<column name="blouse"/>
		</index>
		<column name="color" nullable="true" xsi:type="int" comment="Color" identity="false"/>
		<index referenceId="NALLI_SOLDPRODUCTADVANCED_COLOR" indexType="btree">
			<column name="color"/>
		</index>
		<column name="counter" nullable="true" xsi:type="varchar" comment="Counter" length="255"/>
		<index referenceId="NALLI_SOLDPRODUCTADVANCED_COUNTER" indexType="btree">
			<column name="counter"/>
		</index>
		<column name="fabric_purity" nullable="true" xsi:type="int" comment="Fabric Purity" identity="false"/>
		<column name="magentoone_upload" nullable="true" xsi:type="varchar" comment="Magento One Upload" length="255"/>
		<index referenceId="NALLI_SOLDPRODUCTADVANCED_MAGENTOONE_UPLOAD" indexType="btree">
			<column name="magentoone_upload"/>
		</index>
		<column name="magentoone_views" nullable="true" xsi:type="varchar" comment="Magento One Views" length="255"/>
		<index referenceId="NALLI_SOLDPRODUCTADVANCED_MAGENTOONE_VIEWS" indexType="btree">
			<column name="magentoone_views"/>
		</index>
		<column name="magentoone_totalimpressions" nullable="true" xsi:type="int" comment="Magento one Total Impressions" padding="10"/>
		<index referenceId="NALLI_SOLDPRODUCTADVANCED_MAGENTOONE_TOTALIMPRESSIONS" indexType="btree">
			<column name="magentoone_totalimpressions"/>
		</index>
		<column name="magentoone_atc" nullable="true" xsi:type="int" comment="Magento one Atc" padding="10"/>
		<index referenceId="NALLI_SOLDPRODUCTADVANCED_MAGENTOONE_ATC" indexType="btree">
			<column name="magentoone_atc"/>
		</index>
		<column name="material" nullable="true" xsi:type="int" comment="Material" identity="false"/>
		<index referenceId="NALLI_SOLDPRODUCTADVANCED_MATERIAL" indexType="btree">
			<column name="material"/>
		</index>
		<column name="no_of_views" nullable="true" xsi:type="int" comment="No of Views" padding="10"/>
		<index referenceId="NALLI_SOLDPRODUCTADVANCED_NO_OF_VIEWS" indexType="btree">
			<column name="no_of_views"/>
		</index>
		<column name="occasion" nullable="true" xsi:type="int" comment="Occasion" padding="10"/>
		<index referenceId="NALLI_SOLDPRODUCTADVANCED_OCCASION" indexType="btree">
			<column name="occasion"/>
		</index>
		<column name="ornamentation_type" nullable="true" xsi:type="int" comment="Ornamentation Type" padding="10"/>
		<index referenceId="NALLI_SOLDPRODUCTADVANCED_ORNAMENTATION_TYPE" indexType="btree">
			<column name="ornamentation_type"/>
		</index>
		<column name="pattern" nullable="true" xsi:type="int" comment="Pattern" identity="false"/>
		<index referenceId="NALLI_SOLDPRODUCTADVANCED_PATTERN" indexType="btree">
			<column name="pattern"/>
		</index>
		<column name="price" nullable="true" xsi:type="decimal" comment="Price" precision="12" scale="4"/>
		<column name="small_image" nullable="true" xsi:type="varchar" comment="Small Image" length="255"/>
		<index referenceId="NALLI_SOLDPRODUCTADVANCED_SMALL_IMAGE" indexType="btree">
			<column name="small_image"/>
		</index>
		<column name="store_code" nullable="true" xsi:type="int" comment="Store code" identity="false"/>
		<index referenceId="NALLI_SOLDPRODUCTADVANCED_STORE_CODE" indexType="btree">
			<column name="store_code"/>
		</index>
		<column name="style_of_work" nullable="true" xsi:type="int" comment="Style of Work" padding="10"/>
		<index referenceId="NALLI_SOLDPRODUCTADVANCED_STYLE_OF_WORK" indexType="btree">
			<column name="style_of_work"/>
		</index>
		<column name="supplier_code" nullable="true" xsi:type="varchar" comment="Supplier Code" length="255"/>
		<index referenceId="NALLI_SOLDPRODUCTADVANCED_SUPPLIER_CODE" indexType="btree">
			<column name="supplier_code"/>
		</index>
		<column name="technique" nullable="true" xsi:type="int" comment="Technique" identity="false"/>
		<index referenceId="NALLI_SOLDPRODUCTADVANCED_TECHNIQUE" indexType="btree">
			<column name="technique"/>
		</index>
		<column name="total_impressions" nullable="true" xsi:type="int" comment="Total Impressions" padding="10"/>
		<index referenceId="NALLI_SOLDPRODUCTADVANCED_TOTAL_IMPRESSIONS" indexType="btree">
			<column name="total_impressions"/>
		</index>
		<column name="url_key" nullable="true" xsi:type="varchar" comment="Url Key" length="255"/>
		<index referenceId="NALLI_SOLDPRODUCTADVANCED_URL_KEY" indexType="btree">
			<column name="url_key"/>
		</index>
		<column name="image" nullable="true" xsi:type="varchar" comment="Image" length="255"/>
		<index referenceId="NALLI_SOLDPRODUCTADVANCED_IMAGE" indexType="btree">
			<column name="image"/>
		</index>
		<column name="zari_type" nullable="true" xsi:type="int" comment="Zari Type" identity="false"/>
		<index referenceId="NALLI_SOLDPRODUCTADVANCED_ZARI_TYPE" indexType="btree">
			<column name="zari_type"/>
		</index>
		<column name="age" nullable="true" xsi:type="int" comment="Age" identity="false"/>
		<index referenceId="NALLI_SOLDPRODUCTADVANCED_AGE" indexType="btree">
			<column name="age"/>
		</index>
		<column name="views_impressions" nullable="true" xsi:type="int" comment="Views Impressions" padding="10"/>
		<index referenceId="NALLI_SOLDPRODUCTADVANCED_VIEWS_IMPRESSIONS" indexType="btree">
			<column name="views_impressions"/>
		</index>
		<column name="atc_views" nullable="true" xsi:type="varchar" comment="Atc Views" length="255"/>
		<index referenceId="NALLI_SOLDPRODUCTADVANCED_ATC_VIEWS" indexType="btree">
			<column name="atc_views"/>
		</index>
		<column name="atc" nullable="true" xsi:type="int" comment="Atc" default="0" identity="false"/>
		<index referenceId="NALLI_SOLDPRODUCTADVANCED_ATC" indexType="btree">
			<column name="atc"/>
		</index>
        <column name="product_options" nullable="true" xsi:type="text" comment="Product Options"/>
        <column name="item_id" nullable="true" xsi:type="int" comment="Order Item Id"/>
        <index referenceId="NALLI_SOLDPRODUCTADVANCED_ITEM_ID" indexType="btree">
            <column name="item_id"/>
        </index>
    </table>
</schema>
