<?xml version="1.0" ?>
<config xmlns:xsi="http://www.w3.org/2001/XMLSchema-instance" xsi:noNamespaceSchemaLocation="urn:magento:framework:ObjectManager/etc/config.xsd">
	<preference for="Nalli\SoldProductAdvanced\Api\SoldProductAdvanceRepositoryInterface" type="Nalli\SoldProductAdvanced\Model\SoldProductAdvanceRepository"/>
	<preference for="Nalli\SoldProductAdvanced\Api\Data\SoldProductAdvanceInterface" type="Nalli\SoldProductAdvanced\Model\SoldProductAdvance"/>
	<preference for="Nalli\SoldProductAdvanced\Api\Data\SoldProductAdvanceSearchResultsInterface" type="Magento\Framework\Api\SearchResults"/>
    <type name="Magento\Framework\Console\CommandList">
        <arguments>
            <argument name="commands" xsi:type="array">
                <item name="soldProductAdvance" xsi:type="object">Nalli\SoldProductAdvanced\Console\ImportData</item>
                <item name="UpdateCounter" xsi:type="object">Nalli\SoldProductAdvanced\Console\UpdateCounter</item>
            </argument>
        </arguments>
    </type>
</config>
