<?xml version="1.0"?>
<!--
/**
 * Erpsynch Module
 *
 * Copyright (c) 2021. 18th DigiTech Team. All rights reserved.
 * @author: <mailto:info@18thdigitech.com>
 * @package Eighteentech_CategorySave
 */
-->
<config xmlns:xsi="http://www.w3.org/2001/XMLSchema-instance" xsi:noNamespaceSchemaLocation="urn:magento:module:Magento_Cron:etc/cron_groups.xsd">
    <group id="eighteentech_category_rule_save">
        <schedule_generate_every>1</schedule_generate_every>
        <schedule_ahead_for>4</schedule_ahead_for>
        <schedule_lifetime>120</schedule_lifetime>
        <history_cleanup_every>10</history_cleanup_every>
        <history_success_lifetime>60</history_success_lifetime>
        <history_failure_lifetime>600</history_failure_lifetime>
        <use_separate_process>1</use_separate_process>
    </group>
</config>
