<?xml version="1.0"?>

<!--

/**

 * Eighteentech CategorySave

 *

 * Copyright (c) 2021. 18th DigiTech Team. All rights reserved.

 * @author: <mailto:info@18thdigitech.com>

 * @package Eighteentech_CategorySave

 */

-->

<config xmlns:xsi="http://www.w3.org/2001/XMLSchema-instance" xsi:noNamespaceSchemaLocation="urn:magento:module:Magento_Cron:etc/crontab.xsd">
  <group id="eighteentech_category_rule_save">
    <!--job name="eighteentech_category_rule_save" instance="Eighteentech\CategorySave\Cron\SaveCategory" method="execute">
      <schedule>0/15 * * * *</schedule>
    </job-->
    <job name="eighteentech_category_rule_scheduled" instance="Eighteentech\CategorySave\Cron\SaveCategoryScheduled" method="execute">
      <schedule>0/15 * * * *</schedule> 
    </job>
  </group>
</config>
