<?xml version="1.0"?>
<!--
 /**
  * Weekly Report
  * Copyright (c) 2022. 18th DigiTech Team. All rights reserved.
  * @author: <mailto:info@18thdigitech.com>
  * @package Nalli_Weeklyreport
  */
-->
<schema xmlns:xsi="http://www.w3.org/2001/XMLSchema-instance" xsi:noNamespaceSchemaLocation="urn:magento:framework:Setup/Declaration/Schema/etc/schema.xsd">            
    <table name="eighteentech_categorysave_scheduler" resource="default" engine="innodb"   comment="eighteentech category save scheduled report">  
        <column xsi:type="int" name="entity_id"  unsigned="true" nullable="false" identity="true" comment="Entity ID"/>        
        <column xsi:type="int" name="category_id"  nullable="false" comment="category id"/>
        <column xsi:type="varchar" name="category_name" nullable="false" comment="category name"/>
       
        <column xsi:type="smallint" name="cron_status" nullable="false" default="0" comment="0-in_progress,1-complete"/>
       
        <column xsi:type="datetime" name="created_at" on_update="false" nullable="false" default="CURRENT_TIMESTAMP" comment="Created At"/>
        <constraint xsi:type="primary" referenceId="PRIMARY">
            <column name="entity_id"/>
        </constraint>    
           
    </table>
</schema>
