<?xml version="1.0"?>
<config xmlns:xsi="http://www.w3.org/2001/XMLSchema-instance" xsi:noNamespaceSchemaLocation="urn:magento:framework:ObjectManager/etc/config.xsd">
   <type name="Magento\Framework\Console\CommandList">
       <arguments>
           <argument name="commands" xsi:type="array">
               <item name="CategorySave" xsi:type="object">Eighteentech\CategorySave\Console\CategorySave</item>
           </argument>
       </arguments>
   </type>
    <type name="Eighteentech\CategorySave\Logger\Logger">
    	<arguments>
    		<argument name="name" xsi:type="string">customLogHandler</argument>
    		<argument name="handlers"  xsi:type="array">
    			<item name="system" xsi:type="object">Eighteentech\CategorySave\Logger\Handler</item>
    		</argument>
    	</arguments>
    </type>
    <preference for="Magento\VisualMerchandiser\Model\Rules" type="Eighteentech\CategorySave\Model\Rewrite\Rules" />
    
    <type name="Magento\Framework\View\Element\UiComponent\DataProvider\CollectionFactory">
    <arguments>
      <argument name="collections" xsi:type="array">
        <item name="eighteentech_categorysave_data_source" xsi:type="string">Eighteentech\CategorySave\Model\ResourceModel\CategorySave\Grid\Collection</item>
      </argument>
    </arguments>
  </type>
  <virtualType name="Eighteentech\CategorySave\Model\ResourceModel\CategorySave\Grid\Collection" type="Magento\Framework\View\Element\UiComponent\DataProvider\SearchResult">
    <arguments>
      <argument name="mainTable" xsi:type="string">eighteentech_categorysave_scheduler</argument>
      <argument name="resourceModel" xsi:type="string">Eighteentech\CategorySave\Model\ResourceModel\CategorySave</argument>
    </arguments>
  </virtualType>
</config>
