<?xml version="1.0"?>
<!--
* @author 18th DigiTech Team
* @copyright Copyright (c) 2022 18th DigiTech (https://www.18thdigitech.com)
* @package Eighteen_Core
-->
<config xmlns:xsi="http://www.w3.org/2001/XMLSchema-instance" xsi:noNamespaceSchemaLocation="urn:magento:framework:Acl/etc/acl.xsd">
    <acl>
        <resources>
            <resource id="Magento_Backend::admin">
                <resource id="Eighteen_Core::eighteenpincode" title="Eighteen" sortOrder="10" >		   
				   <resource id="Eighteen_Core::coregeneral" title="Base" sortOrder="5" >
					 <resource id="Eighteen_Core::config_coregeneral" title="Config" sortOrder="10" />                 
				  </resource>
			   </resource>			   
            </resource>
        </resources>
    </acl>
</config>
