<?xml version="1.0"?>
 <!--
 * @author 18th DigiTech Team
 * @copyright Copyright (c) 2023 18th DigiTech (https://www.18thdigitech.com)
 * @package Eighteen_Core
-->
<config xmlns:xsi="http://www.w3.org/2001/XMLSchema-instance" xsi:noNamespaceSchemaLocation="../../../../../lib/internal/Magento/Framework/ObjectManager/etc/config.xsd"> 
	<type name="Magento\Framework\GraphQl\Query\QueryComplexityLimiter">
        <arguments>
            <argument name="queryDepth" xsi:type="number">40</argument>
            <argument name="queryComplexity" xsi:type="number">600</argument>
        </arguments>
    </type>
</config>
