<?xml version="1.0"?>
<csp_whitelist xmlns:xsi="http://www.w3.org/2001/XMLSchema-instance" xsi:noNamespaceSchemaLocation="urn:magento:module:Magento_Csp/etc/csp_whitelist.xsd">
    <policies>
        <policy id="script-src">
            <values>
                <value id="cloudflare" type="host">*.cloudflare.com</value>
                <value id="twitter.com" type="host">*.twitter.com</value>
                <value id="google-analytics" type="host">*.google-analytics.com</value>
                <value id="googletagmanager.com" type="host">googletagmanager.com</value>
                <value id="google" type="host">*.google.com</value>
                <value id="gstatic" type="host">*.gstatic.com</value>
                <value id="trustedshops" type="host">*.trustedshops.com</value>
                <value id="fontawesome" type="host">*.fontawesome.com</value>
                <value id="addthis.com" type="host">*.addthis.com</value>
                <value id="s7.addthis.com" type="host">s7.addthis.com</value>
                <value id="m.addthis.com" type="host">m.addthis.com</value>
                <value id="addthis-analytics" type="host">z.moatads.com</value>
                <value id="addthis-cdn" type="host">*.addthisedge.com</value>
                <value id="googleapis" type="host">apis.google.com</value>
                <value id="graph-facebook" type="host">graph.facebook.com</value>
                <value id="widgets-pinterest" type="host">widgets.pinterest.com</value>
                <value id="adobedtm" type="host">adobedtm.com</value>
                <value id="adobe" type="host">adobe.com</value>
                <value id="secure-authorize" type="host">authorize.net</value>
                <value id="test-authorize" type="host">test.authorize.net</value>
                <value id="js-braintreegateway" type="host">js.braintreegateway.com</value>
                <value id="t-paypal" type="host">t.paypal.com</value>
                <value id="s-ytimg" type="host">s.ytimg.com</value>
                <value id="vimeocdn" type="host">*.vimeocdn.com</value>
                <value id="vimeo-com" type="host">*.vimeo.com</value>
                <value id="cardinalcommerce-com" type="host">*.cardinalcommerce.com</value>
                <value id="data" type="host">'unsafe-inline' data:</value>
                <value id="data" type="host">'self' data:</value>
                <value id="cdn.syteapi.com" type="host">https://cdn.syteapi.com</value>
                <value id="cdn.jsdelivr.net" type="host">https://cdn.jsdelivr.net/</value>
                <value id="bat.bing.com" type="host">https://bat.bing.com/</value>
                <value id="s.pinimg.com" type="host">https://s.pinimg.com/</value>
                <value id="prod.benchmarkemail.com" type="host">https://prod.benchmarkemail.com/</value>
                <value id="connect.facebook.net" type="host">https://connect.facebook.net/</value>
                <value id="googleads.g.doubleclick.net" type="host">https://googleads.g.doubleclick.net/</value>
                <value id="e.clarity.ms" type="host">https://e.clarity.ms/</value>
                <value id="d.clarity.ms" type="host">https://d.clarity.ms/</value>
                <value id="h.clarity.ms" type="host">https://h.clarity.ms/</value>
            </values>
        </policy>
        <policy id="style-src">
            <values>
                <value id="cloudflare" type="host">*.cloudflare.com</value>
                <value id="googleapis" type="host">*.googleapis.com</value>
                <value id="twitter.com" type="host">*.twitter.com</value>
                <value id="gstatic" type="host">*.gstatic.com</value>
                <value id="typekit" type="host">*.typekit.net</value>
                <value id="fontawesome" type="host">*.fontawesome.com</value>
                <value id="fontawesomecdn" type="host">*.bootstrapcdn.com</value>
            </values>
        </policy>
        <policy id="img-src">
            <values>
                <value id="cloudflare" type="host">*.cloudflare.com</value>
                <value id="googleadservices" type="host">*.googleadservices.com</value>
                <value id="google-analytics" type="host">*.google-analytics.com</value>
                <value id="paypal" type="host">*.paypal.com</value>
                <value id="twitter.com" type="host">*.twitter.com</value>
                <value id="vimeocdn" type="host">*.vimeocdn.com</value>
                <value id="data" type="host">'self' data:</value>
                <value id="bat.bing.com" type="host">https://bat.bing.com/</value>
                <value id="ct.pinterest.com" type="host">https://ct.pinterest.com/</value>
                <value id="facebook.com" type="host">https://www.facebook.com/</value>
                <value id="google.com" type="host">https://www.google.com/</value>
                <value id="google.co.in" type="host">https://www.google.co.in/</value>
                <value id="cdn.syteapi.com" type="host">https://cdn.syteapi.com/</value>
                <value id="e.clarity.ms" type="host">https://e.clarity.ms/</value>
                <value id="c.clarity.ms-c.gif" type="host">https://c.clarity.ms/</value>
            </values>
        </policy>
        <policy id="connect-src">
            <values>
                <value id="cloudflare" type="host">*.cloudflare.com</value>
                <value id="twitter.com" type="host">*.twitter.com</value>
                <value id="paypal" type="host">*.paypal.com</value>
                <value id="data" type="host">data:</value>
                <value id="demdex-net" type="host">*.demdex.net</value>
                <value id="omtrdc-net" type="host">*.omtrdc.net</value>
                <value id="cardinalcommerce" type="host">vscardinalcommerce.com</value>
                <value id="amazon.com" type="host">*.amazon.com</value>
                <value id="amazon-it" type="host">*.amazon.it</value>
                <value id="amazon-fr" type="host">*.amazon.fr</value>
                <value id="amazon-es" type="host">*.amazon.es</value>
                <value id="amazon-de" type="host">*.amazon.de</value>
                <value id="amazonpay" type="host">*.amazonpay.com</value>
                <value id="amazonpay-co-uk" type="host">*.amazonpay.co.uk</value>
                <value id="cdn.syteapi.com" type="host">https://cdn.syteapi.com</value>
                <value id="syteapi.com" type="host">https://syteapi.com</value>
                <value id="ct.pinterest.com" type="host">https://ct.pinterest.com</value>
                <value id="stats.g.doubleclick.net" type="host">https://stats.g.doubleclick.net</value>
                <value id="e.clarity.ms" type="host">https://e.clarity.ms/</value>
                <value id="d.clarity.ms-collect" type="host">https://d.clarity.ms/</value>
                <value id="zendesk" type="host">*.zendesk.com</value>
            </values>
        </policy>
        <policy id="font-src">
            <values>
                <value id="cloudflare" type="host">*.cloudflare.com</value>
                <value id="twitter.com" type="host">*.twitter.com</value>
                <value id="gstatic" type="host">*.gstatic.com</value>
                <value id="typekit" type="host">*.typekit.net</value>
                <value id="googleapis" type="host">*.googleapis.com</value>
                <value id="fontawesome" type="host">*.fontawesome.com</value>
                <value id="fontawesomecdn" type="host">*.bootstrapcdn.com</value>
                <value id="data" type="host">'self' data:</value>
                <value id="demdex" type="host">*.demdex.net</value>
                <value id="adobe-cm" type="host">*.adobe.com</value>
                <value id="fs-authorize-net" type="host">*.authorize.net</value>
                <value id="fs-paypalcom" type="host">*.paypal.com</value>
                <value id="data" type="host">'unsafe-inline' data:</value>
            </values>
        </policy>

        <policy id="frame-src">
            <values>
                <value id="twitter.com" type="host">*.twitter.com</value>
                <value id="google.com" type="host">*.google.com</value>
                <value id="addthis.com" type="host">*.addthis.com</value>
                <value id="data" type="host">'self' data:</value>
                <value id="demdex" type="host">*.demdex.net</value>
                <value id="adobe-cm" type="host">*.adobe.com</value>
                <value id="fs-authorize-net" type="host">*.authorize.net</value>
                <value id="fs-paypalcom" type="host">*.paypal.com</value>
                <value id="pinterest.com" type="host">*.pinterest.com/</value>
                <value id="zendesk-fr" type="host">*.zendesk.com</value>
            </values>
        </policy>

        <policy id="form-action">
            <values>
                <value id="twitter.com" type="host">*.twitter.com</value>
                <value id="zendesk-fo" type="host">*.zendesk.com</value>
            </values>
        </policy>
    </policies>
</csp_whitelist>