<?xml version="1.0"?>
<!--
* @author 18th DigiTech Team
* @copyright Copyright (c) 2023 18th DigiTech (https://www.18thdigitech.com)
* @package Eighteen_OrderItemRto
-->
<schema xmlns:xsi="http://www.w3.org/2001/XMLSchema-instance"
        xsi:noNamespaceSchemaLocation="urn:magento:framework:Setup/Declaration/Schema/etc/schema.xsd">
    <table name="msh_rto" resource="default" engine="innodb" comment="Msh Rto">
        <column xsi:type="int" name="entity_id" unsigned="true" nullable="false" identity="true" comment="Entity ID"/>
        <column xsi:type="int" name="order_id" unsigned="false" nullable="true" identity="false" comment="Order ID"/>
        <column xsi:type="varchar" name="status" nullable="true" length="255" comment="Rto Status"/>
        <column xsi:type="timestamp" name="created_at" on_update="false" nullable="false" default="CURRENT_TIMESTAMP" comment="Created At"/>
        <column xsi:type="timestamp" name="updated_at" on_update="false" nullable="false" default="CURRENT_TIMESTAMP" comment="Updated At"/>
        <constraint xsi:type="primary" referenceId="PRIMARY">
            <column name="entity_id"/>
        </constraint>
    </table>
    <table name="msh_rto_item" resource="default" engine="innodb" comment="Msh Rto Item">
        <column xsi:type="int" name="entity_id" unsigned="true" nullable="false" identity="true" comment="Entity ID"/>
        <column xsi:type="int" name="parent_id" unsigned="true" nullable="false" identity="false" comment="Consignment Rto ID"/>
        <column xsi:type="varchar" name="sku" nullable="true" length="255" comment="Sku"/>
        <column xsi:type="int" name="qty" nullable="false" comment="Qty"/>
        <column xsi:type="int" name="item_id" nullable="false" comment="Order Item ID"/>
        <column xsi:type="timestamp" name="created_at" on_update="false" nullable="false" default="CURRENT_TIMESTAMP" comment="Created At"/>
        <column xsi:type="varchar" name="rto_item_status" nullable="true" length="255" comment="Item Rto Status"/>
        <column xsi:type="smallint" name="cancel_by" nullable="false" default="0" comment= "0=> Customer, 1=> Admin"/>
        <constraint xsi:type="primary" referenceId="PRIMARY">
            <column name="entity_id"/>
        </constraint>
        <constraint xsi:type="foreign" referenceId="MSH_RTO_ITEM_PARENT_ID_MSH_RTO_ENTITY_ID"
            table="msh_rto_item" column="parent_id" referenceTable="msh_rto"
            referenceColumn="entity_id" onDelete="CASCADE"/>
            <index referenceId="MSH_RTO_ITEM_PARENT_ID" indexType="btree">
                <column name="parent_id"/>
            </index>
    </table>
    <table name="msh_creditmemo_order" resource="default" engine="innodb" comment="MSH Creditmemo order">
        <column xsi:type="int" name="entity_id" unsigned="true" nullable="false" identity="true" comment="Entity ID"/>
        <column xsi:type="int" name="order_id" unsigned="false" nullable="true" identity="false" comment="Order ID"/>
        <column xsi:type="int" name="temp_invoice_id" nullable="true" comment="Invoice ID"/>
        <column xsi:type="varchar" name="type" nullable="true" length="255" comment="Creditmemo type"/>
        <column xsi:type="varchar" name="status" nullable="true" length="255" comment="Credit memo Status"/>
        <column xsi:type="int" name="rto_rtv_id" nullable="true" comment="Rto Rtv ID"/>
        <column xsi:type="int" name="process_count" nullable="true" default="0"  comment="Attempt Count"/>
        <column xsi:type="smallint" name="cancel_by" nullable="false" default="0" comment= "0=> Customer, 1=> Admin, 2=> Cancel-RTO"/>
        <column xsi:type="timestamp" name="created_at" on_update="false" nullable="false" default="CURRENT_TIMESTAMP" comment="Created At"/>
        <column xsi:type="timestamp" name="updated_at" on_update="false" nullable="false" default="CURRENT_TIMESTAMP" comment="Updated At"/>
        <constraint xsi:type="primary" referenceId="PRIMARY">
            <column name="entity_id"/>
        </constraint>
    </table>

    <table name="msh_creditmemo_order_items" resource="default" engine="innodb" comment="MSH Creditmemo order items">
        <column xsi:type="int" name="entity_id" unsigned="true" nullable="false" identity="true" comment="Entity ID"/>
        <column xsi:type="int" name="parent_id" unsigned="true" nullable="false" identity="false" comment="Creditmemo ID"/>
        <column xsi:type="varchar" name="sku" nullable="true" length="255" comment="Sku"/>
        <column xsi:type="int" name="qty" nullable="false" comment="Qty"/> 
        <column xsi:type="int" name="creditmemo_id" nullable="true" comment="Creditmemo ID"/>
        <column xsi:type="timestamp" name="created_at" on_update="false" nullable="false" default="CURRENT_TIMESTAMP" comment="Created At"/>
        <constraint xsi:type="primary" referenceId="PRIMARY">
            <column name="entity_id"/>
        </constraint>
        <constraint xsi:type="foreign" referenceId="MSH_CREDITMEMO_ORDER_ITEMS_PARENT_ID_MSH_CREDITMEMO_ORDER_ENTITY_ID"
            table="msh_creditmemo_order_items" column="parent_id" referenceTable="msh_creditmemo_order" referenceColumn="entity_id" onDelete="CASCADE"/>
            <index referenceId="MSH_CREDITMEMO_ORDER_ITEMS_PARENT_ID" indexType="btree">
                <column name="parent_id"/>
            </index>
    </table>
    <table name="sales_creditmemo" resource="default" engine="innodb" comment="Sales Credit Memo">
      <column xsi:type="int" name="creditmemo_type" nullable="true" comment="0=> Cancel,1=> Return" />
      <column xsi:type="smallint" name="cancel_by" nullable="false" default="0" comment= "0=> Customer, 1=> Admin"/>
      <constraint xsi:type="primary" referenceId="PRIMARY">
         <column name="entity_id" />
      </constraint>
    </table>
</schema>
