<?xml version="1.0"?>
<!--
/**
 * @author 18th DigiTech Team
 * @copyright Copyright (c) 2022 18th DigiTech (https://www.18thdigitech.com)
 * @package Eighteen_OrderItemRto
 */
-->
<config xmlns:xsi="http://www.w3.org/2001/XMLSchema-instance" xsi:noNamespaceSchemaLocation="urn:magento:framework:ObjectManager/etc/config.xsd">
    <type name="Magento\Framework\View\Element\UiComponent\DataProvider\CollectionFactory">
        <arguments>
            <argument name="collections" xsi:type="array">
                <item name="orderitemrto_index_listing_data_source" xsi:type="string">Eighteen\OrderItemRto\Model\ResourceModel\SalesOrderRtoItem\Grid\Collection</item>
            </argument>
        </arguments>
    </type>
    <type name="Magento\Framework\View\Element\UiComponent\DataProvider\CollectionFactory">
        <arguments>
            <argument name="collections" xsi:type="array">
                <item name="orderitemrto_creditmemo_listing_data_source" xsi:type="string">Eighteen\OrderItemRto\Model\ResourceModel\SalesOrderCreditMemo\Grid\Collection</item>
            </argument>
        </arguments>
    </type>
</config>
