<?xml version="1.0"?>
<!--
/**
 * Erpsynch Module
 *
 * Copyright (c) 2021. 18th DigiTech Team. All rights reserved.
 * @author: <mailto:info@18thdigitech.com>
 * @package Nalli_Erpsync
 */
-->
<config xmlns:xsi="http://www.w3.org/2001/XMLSchema-instance" xsi:noNamespaceSchemaLocation="urn:magento:module:Magento_Config:etc/system_file.xsd">
    <system>
        <tab id="erpsync" translate="label" sortOrder="10">
            <label>ERP Sync Configuration</label>
        </tab>
        <section id="erpsync" translate="label" sortOrder="130" showInDefault="1" showInWebsite="1" showInStore="1">
            <class>separator-top</class>
            <label>Configuration</label>
            <tab>erpsync</tab>
            <resource>Nalli_Erpsync::erpsync_config</resource>
            <group id="general" translate="label" type="text" sortOrder="10" showInDefault="1" showInWebsite="0" showInStore="0">
                <label>General Configuration</label>
                <field id="erpsync_select" translate="label" type="select" sortOrder="1" showInDefault="1" showInWebsite="0" showInStore="0">
                    <label>Enable/Disable</label>
                    <source_model>Magento\Config\Model\Config\Source\Yesno</source_model>
                </field>
                <field id="sync_api_url" translate="label" type="text" sortOrder="1" showInDefault="1" showInWebsite="0" showInStore="0">
                    <label>ERP Sync API Url</label>
                </field>
                <field id="enc_key_api_url" translate="label" type="text" sortOrder="1" showInDefault="1" showInWebsite="0" showInStore="0">
                    <label>Encryption Key Request API Url</label>
                </field>
                <field id="grand_total" translate="label" type="text" sortOrder="1" showInDefault="1" showInWebsite="0" showInStore="0">
                    <label>Order Grand total</label>
                </field>
                <field id="server_key" translate="label" type="text" sortOrder="1" showInDefault="1" showInWebsite="0" showInStore="0">
                    <label>Server Key</label>
                </field>
                <field id="encryption_iv" translate="label" type="text" sortOrder="1" showInDefault="1" showInWebsite="0" showInStore="0">
                    <label>Encryption IV</label>
                </field>
            </group>
            <group id="physical" translate="label" type="text" sortOrder="10" showInDefault="1" showInWebsite="0" showInStore="0">
                <label>Physical Store Configuration</label>
                <field id="store_sync_api_url" translate="label" type="text" sortOrder="1" showInDefault="1" showInWebsite="0" showInStore="0">
                    <label>ERP Sync API Url</label>
                </field>
                <field id="store_server_key" translate="label" type="text" sortOrder="1" showInDefault="1" showInWebsite="0" showInStore="0">
                    <label>Server Key</label>
                </field>
            </group>
            <group id="dispatch" translate="label" type="text" sortOrder="10" showInDefault="1" showInWebsite="0" showInStore="0">
                <label>Dispatch API Configuration</label>
                <field id="store_dispatch_api_url" translate="label" type="text" sortOrder="1" showInDefault="1" showInWebsite="0" showInStore="0">
                    <label>ERP Dispatch API Url</label>
                </field>
                <field id="dispatch_server_key" translate="label" type="text" sortOrder="1" showInDefault="1" showInWebsite="0" showInStore="0">
                    <label>Server Key</label>
                </field>
            </group>
            <group id="orderdetails" translate="label" type="text" sortOrder="10" showInDefault="1" showInWebsite="0" showInStore="0">
                <label>Old Order Details API Configuration</label>
                <field id="orderdetails_api_url" translate="label" type="text" sortOrder="1" showInDefault="1" showInWebsite="0" showInStore="0">
                    <label>Order Details API Url</label>
                </field>
                 <field id="orderlist_api_url" translate="label" type="text" sortOrder="1" showInDefault="1" showInWebsite="0" showInStore="0">
                    <label>Order Listing API Url</label>
                </field>
                <field id="api_key" translate="label" type="text" sortOrder="1" showInDefault="1" showInWebsite="0" showInStore="0">
                    <label>API Key</label>
                </field>
            </group>
        </section>
    </system>
</config>