<?xml version="1.0"?>
<!--
/**
 * Copyright © Magento, Inc. All rights reserved.
 * See COPYING.txt for license details.
 */
/**
 * @category Eighteentech
 * @package  Eighteentech_Netcore 
 *
 */
-->
<config xmlns:xsi="http://www.w3.org/2001/XMLSchema-instance" xsi:noNamespaceSchemaLocation="urn:magento:module:Magento_Config:etc/system_file.xsd">
    <system>
        <tab id="netcore" translate="label" sortOrder="400">
            <label>Netcore</label>
        </tab>
        <section id="smartech" translate="label" sortOrder="130" showInDefault="1" showInWebsite="1" showInStore="1">
            <class>separator-top</class>
            <label>Smartech</label>
            <tab>netcore</tab>
            <resource>Eighteentech_Netcore::smartech_config</resource>
            <group id="general" translate="label" type="text" sortOrder="10" showInDefault="1" showInWebsite="1" showInStore="1">
                <label>General Configuration</label>
                <field id="enable" translate="label" type="select" sortOrder="1" showInDefault="1" showInWebsite="1" showInStore="1">
                    <label>Module Enable</label>
                    <source_model>Magento\Config\Model\Config\Source\Yesno</source_model>
                </field>
                <field id="web_tracking_id" translate="label" type="text" sortOrder="1" showInDefault="1" showInWebsite="1" showInStore="1">
                    <label>Web Tracking Id </label>
                    <comment>Considered as unique tracking id for the web.</comment>
                    <validate>required-entry</validate>
                </field>
                <field id="site_tracking_id" translate="label" type="text" sortOrder="1" showInDefault="1" showInWebsite="1" showInStore="1">
                    <label>Site Id </label>
                    <comment>Registered as unique website id.</comment>
                    <validate>required-entry</validate>
                </field>
                <field id="registration_primary_field" translate="label" type="select" sortOrder="1" showInDefault="1" showInWebsite="1" showInStore="1">
                    <label>Registration Primary Field </label>
                    <source_model>Eighteentech\Netcore\Model\Config\Source\PrimaryKey</source_model>
                    <comment>Can be either email or mobile_no or id</comment>
                    <validate>required-entry</validate>
                </field>
                <field id="idc_region" translate="label" type="select" sortOrder="1" showInDefault="1" showInWebsite="1" showInStore="1">
                   <label>IDC Region</label>        
                   <source_model>Eighteentech\Netcore\Model\Config\Source\IdcRegion</source_model>
                </field>
                <field id="api_key" translate="label" type="text" sortOrder="6" showInDefault="1" showInWebsite="1" showInStore="1">
                    <label>Netcore API Key </label>
                    <comment>This is the unique API Key.</comment>
                    <!-- <validate>required-entry</validate> -->
                </field>                
            </group>
        
            <group id="push_notification" translate="label" type="text" sortOrder="20" showInDefault="1" showInWebsite="1" showInStore="1">
                <label>BPN Configuration</label>
                <field id="bpn_enable" translate="label" type="select" sortOrder="1" showInDefault="1" showInWebsite="1" showInStore="1">
                    <label>Enable Push Notification</label>
                    <source_model>Magento\Config\Model\Config\Source\Yesno</source_model>
                </field>
                <field id="bpn_sender_id" translate="label" type="text" sortOrder="1" showInDefault="1" showInWebsite="1" showInStore="1">
                    <label>Sender Id</label>
                </field>
                <field id="bpn_api_key" translate="label" type="text" sortOrder="1" showInDefault="1" showInWebsite="1" showInStore="1">
                    <label>API key </label>
                </field>
                <field id="bpn_app_id" translate="label" type="text" sortOrder="1" showInDefault="1" showInWebsite="1" showInStore="1">
                    <label>App ID </label>
                </field>
                <field id="bpn_project_id" translate="label" type="text" sortOrder="1" showInDefault="1" showInWebsite="1" showInStore="1">
                    <label>Project ID </label>
                </field>
            </group>        
        </section>
    </system>
</config>
