<?xml version="1.0"?>
<!--
 * @author 18th DigiTech Team
 * @copyright Copyright (c) 2020 18th DigiTech (https://www.18thdigitech.com)
 * @package Eighteentech_BannerSlider
-->
<config xmlns:xsi="http://www.w3.org/2001/XMLSchema-instance" xsi:noNamespaceSchemaLocation="urn:magento:framework:Acl/etc/acl.xsd">
    <acl>
        <resources>
            <resource id="Magento_Backend::admin">
                <resource id="Eighteentech_BannerSlider::bannerslider" title="Banner Slider" sortOrder="55">
                    <resource id="Eighteentech_BannerSlider::banner" title="Manage Banner" sortOrder="10"/>
                    <resource id="Eighteentech_BannerSlider::slider" title="Manage Slider" sortOrder="20"/>
                </resource>
                <resource id="Magento_Backend::stores">
                    <resource id="Magento_Backend::stores_settings">
                        <resource id="Magento_Config::config">
                            <resource id="Eighteentech_BannerSlider::bannerslider_config" title="Banner Slider"/>
                        </resource>
                    </resource>
                </resource>
            </resource>
        </resources>
    </acl>
</config>
