<?xml version="1.0"?>
<!--
 * @author 18th DigiTech Team
 * @copyright Copyright (c) 2020 18th DigiTech (https://www.18thdigitech.com)
 * @package Eighteentech_BannerSlider
-->
<config xmlns:xsi="http://www.w3.org/2001/XMLSchema-instance" xsi:noNamespaceSchemaLocation="urn:magento:framework:ObjectManager/etc/config.xsd">
    <type name="Magento\Framework\View\Element\UiComponent\DataProvider\CollectionFactory">
        <arguments>
            <argument name="collections" xsi:type="array">
                <item name="eighteentechbannerslider_banner_listing_data_source" xsi:type="string">Eighteentech\BannerSlider\Model\ResourceModel\Banner\Grid\Collection</item>
            </argument>
        </arguments>
    </type>
    <type name="Magento\Framework\View\Element\UiComponent\DataProvider\CollectionFactory">
        <arguments>
            <argument name="collections" xsi:type="array">
                <item name="eighteentechbannerslider_slider_listing_data_source" xsi:type="string">Eighteentech\BannerSlider\Model\ResourceModel\Slider\Grid\Collection</item>
            </argument>
        </arguments>
    </type>
    <virtualType name="Eighteentech\BannerSlider\Model\ResourceModel\Banner\Grid\Collection" type="Magento\Framework\View\Element\UiComponent\DataProvider\SearchResult">
        <arguments>
            <argument name="mainTable" xsi:type="string">eighteentech_bannerslider_banner</argument>
            <argument name="resourceModel" xsi:type="string">Eighteentech\BannerSlider\Model\ResourceModel\Banner</argument>
        </arguments>
    </virtualType>
    <virtualType name="Eighteentech\BannerSlider\Model\ResourceModel\Slider\Grid\Collection" type="Magento\Framework\View\Element\UiComponent\DataProvider\SearchResult">
        <arguments>
            <argument name="mainTable" xsi:type="string">eighteentech_bannerslider_slider</argument>
            <argument name="resourceModel" xsi:type="string">Eighteentech\BannerSlider\Model\ResourceModel\Slider</argument>
        </arguments>
    </virtualType>
</config>
