<?xml version="1.0"?>
<!--
 * @author 18th DigiTech Team
 * @copyright Copyright (c) 2020 18th DigiTech (https://www.18thdigitech.com)
 * @package Eighteentech_BannerSlider
-->
<widgets xmlns:xsi="http://www.w3.org/2001/XMLSchema-instance" xsi:noNamespaceSchemaLocation="urn:magento:module:Magento_Widget:etc/widget.xsd">
    <widget class="Eighteentech\BannerSlider\Block\Widget" id="eighteentech_bannerslider_widget">
        <label translate="true">Eighteentech Banner Slider</label>
        <description translate="true">Banner Slider list</description>
        <parameters>
            <parameter name="slider_id" xsi:type="select" required="true" visible="true" source_model="Eighteentech\BannerSlider\Model\Config\Source\Sliders">
                <label translate="true">Select Slider</label>
            </parameter>
        </parameters>
    </widget>
</widgets>
