<?xml version="1.0"?>

<config xmlns:xsi="http://www.w3.org/2001/XMLSchema-instance" xsi:noNamespaceSchemaLocation="urn:magento:module:Magento_Config:etc/system_file.xsd">
    <system>
        <tab id="eighteen" translate="label" sortOrder="1">
            <label>Eighteen</label>
        </tab>
        <section id="eighteen_orderitemrto" translate="label" sortOrder="1" showInDefault="1" showInWebsite="1" showInStore="1">
            <label>Order Rto</label>
            <tab>eighteen</tab>
            <resource>Eighteen_OrderItemRto::orderitemrto_config</resource>
            <group id="cronjobconfig" translate="label" type="text" sortOrder="20" showInDefault="1" showInWebsite="1" showInStore="1">
                <label>Cron Jobs Frequency</label>                
                <field id="createorderitemrtocron" translate="label" type="text" sortOrder="5" showInDefault="1" showInWebsite="1" showInStore="1">
                    <label>Order Rto Cron</label>
                    <validate>required-entry</validate>
                    <comment>Run at every minutes (* * * * *).
                    To run Order Items Rto Cron.</comment>                    
                </field>
                <field id="createordercreditmemocron" translate="label" type="text" sortOrder="5" showInDefault="1" showInWebsite="1" showInStore="1">
                    <label>Order Creditmemo Cron</label>
                    <validate>required-entry</validate>
                    <comment>Run at every minutes (* * * * *).
                    To run Order Items Creditmemo Cron.</comment>                    
                </field>
            </group>
        </section>
    </system>
</config>
