<?xml version="1.0"?>
<schema xmlns:xsi="http://www.w3.org/2001/XMLSchema-instance"
        xsi:noNamespaceSchemaLocation="urn:magento:framework:Setup/Declaration/Schema/etc/schema.xsd">
    <table name="eighteentech_verified_numbers" engine="innodb" resource="default" comment="Eighteentech Customer Verified Mobile Numbers1">
        <column xsi:type="int" name="id" padding="10" unsigned="true" identity="true" nullable="false" comment="ID"/>
        <column xsi:type="int" name="customer_id" padding="10" unsigned="true" nullable="false" comment="Customer ID"/>
        <column xsi:type="text" name="mobilenumber" nullable="false" comment="Verified Mobile Numbers"/>
        <column xsi:type="timestamp" name="verified_date" nullable="false" default="CURRENT_TIMESTAMP" comment="Verified Date"/>
        <constraint xsi:type="primary" referenceId="PRIMARY">
            <column name="id"/>
        </constraint>
    </table>

    <table name="eighteentech_otp" engine="innodb" resource="default" comment="Eighteentech OTP verification Table1">
        <column xsi:type="int" name="id" padding="10" unsigned="true" identity="true" nullable="false" comment="ID"/>
        <column xsi:type="varchar" name="quote_id" length="32" comment="Quote ID"/>
        <column xsi:type="int" name="customer_id" comment="Customer ID"/>
        <column xsi:type="int" name="otp" nullable="false" default="0" comment="OTP"/>
        <column xsi:type="int" name="otp_count" nullable="false" default="0" comment="OTP Count"/>
        <column xsi:type="varchar" name="otp_type" length="50" nullable="false" comment="OTP Type"/>
        <column xsi:type="timestamp" name="sent_time" nullable="false" default="CURRENT_TIMESTAMP" comment="Sent Time"/>
        <column xsi:type="int" name="is_verified" nullable="false" default="0" comment="Is Verified"/>
        <column xsi:type="int" name="is_expired" nullable="false" default="0" comment="Is Expired"/>
        <column xsi:type="datetime" name="blocked_start_time" comment="Blocked Start Time"/>
        <column xsi:type="int" name="is_blocked" nullable="false" default="0" comment="Is Blocked"/>
        <column xsi:type="varchar" name="username" length="255" comment="Username"/>
        <column xsi:type="varchar" name="source" length="32" comment="Source"/>
        <constraint xsi:type="primary" referenceId="PRIMARY">
            <column name="id"/>
        </constraint>
    </table>
</schema>