﻿<?xml version="1.0"?>
<!--
/**
 * Copyright © Magento, Inc. All rights reserved.
 * See COPYING.txt for license details.
 */
/**
 * @category Eighteentech
 * @package  Eighteentech_CustomerLogin
 *
 */
-->
<config xmlns:xsi="http://www.w3.org/2001/XMLSchema-instance" xsi:noNamespaceSchemaLocation="urn:magento:framework:ObjectManager/etc/config.xsd">
    <preference for="Eighteentech\CustomerLogin\Api\AccountManagementInterface" type="Eighteentech\CustomerLogin\Model\AccountManagement"/>
    <preference for="Eighteentech\CustomerLogin\Api\Data\CustomerInterface" type="Eighteentech\CustomerLogin\Model\Data\Customer"/>
    <preference for="Eighteentech\CustomerLogin\Api\Data\ResultInterface" type="Eighteentech\CustomerLogin\Model\Data\Result"/>
    <preference for="Eighteentech\CustomerLogin\Api\Data\ResponseInterface" type="Eighteentech\CustomerLogin\Model\Data\Response"/>
	
	
	 <type name="Eighteentech\CustomerLogin\Logger\Handler">
        <arguments>
            <argument name="filesystem" xsi:type="object">Magento\Framework\Filesystem\Driver\File</argument>
        </arguments>
    </type>
    <type name="Eighteentech\CustomerLogin\Logger\Logger">
        <arguments>
            <argument name="name" xsi:type="string">customerlogin</argument>
            <argument name="handlers"  xsi:type="array">
                <item name="system" xsi:type="object">Eighteentech\CustomerLogin\Logger\Handler</item>
            </argument>
        </arguments>
    </type>  
</config>