<?xml version="1.0"?>
<!--
/**
 * Copyright © Magento, Inc. All rights reserved.
 * See COPYING.txt for license details.
 */
/**
 * @category Eighteentech
 * @package  Eighteentech_CustomerLogin
 *
 */
-->
<config xmlns:xsi="http://www.w3.org/2001/XMLSchema-instance" xsi:noNamespaceSchemaLocation="urn:magento:framework:Event/etc/events.xsd">
    <event name="customer_delete_commit_after">
        <observer name="customer_delete_observer" instance="Eighteentech\CustomerLogin\Observer\DeleteVerifiedNumber" />
    </event>
	<!--<event name="popup_customer_register_success">
        <observer name="eighteentech_customer_register_success" instance="Eighteentech\CustomerLogin\Observer\UpdateCart" />
    </event>-->
	<!--<event name="customer_save_after_data_object">
		<observer name="customer_save_after_observer" instance="Eighteentech\CustomerLogin\Observer\CustomereditPost" />
	</event>
	<event name="customer_register_success">
        <observer name="my_customer_register_success" instance="Eighteentech\CustomerLogin\Observer\CustomereditPost" />
    </event>  -->   
</config>
