﻿<?xml version="1.0" encoding="UTF-8"?>
<!--
/**
 * Copyright © Magento, Inc. All rights reserved.
 * See COPYING.txt for license details.
 */
/**
 * @category Eighteentech
 * @package  Eighteentech_CustomerLogin
 *
 */
-->
<routes xmlns:xsi="http://www.w3.org/2001/XMLSchema-instance" xsi:noNamespaceSchemaLocation="urn:magento:module:Magento_Webapi:etc/webapi.xsd">
  <route url="/V1/customer/create/" method="POST">
    <service class="Eighteentech\CustomerLogin\Api\AccountManagementInterface" method="createCustomerAccount"/>
    <resources>
      <resource ref="anonymous"/>
    </resources>
  </route>
  <route url="/V1/customer/login/" method="POST">
    <service class="Eighteentech\CustomerLogin\Api\AccountManagementInterface" method="login"/>
    <resources>
      <resource ref="anonymous"/>
    </resources>
  </route>
  <route url="/V1/customer/sendOtp/" method="POST">
    <service class="Eighteentech\CustomerLogin\Api\AccountManagementInterface" method="sendOtp"/>
    <resources>
      <resource ref="anonymous" />
    </resources>
    <data>
      <parameter name="customer_id" force="true">%customer_id%</parameter>
    </data>
  </route>
  <route url="/V1/customer/verifyOtp/" method="POST">
    <service class="Eighteentech\CustomerLogin\Api\AccountManagementInterface" method="verifyOtp"/>
    <resources>
      <resource ref="anonymous" />
    </resources>
  </route>
  <route url="/V1/customer/resendOtp/" method="POST">
    <service class="Eighteentech\CustomerLogin\Api\AccountManagementInterface" method="resendOtp"/>
    <resources>
      <resource ref="anonymous" />
    </resources>
  </route>
  <route url="/V1/customer/setPassword/" method="POST">
    <service class="Eighteentech\CustomerLogin\Api\AccountManagementInterface" method="setPassword"/>
    <resources>
      <resource ref="anonymous" />
    </resources>
  </route>
  <route url="/V1/customer/isMobileVerified/" method="POST">
    <service class="Eighteentech\CustomerLogin\Api\AccountManagementInterface" method="isMobileVerified"/>
    <resources>
      <resource ref="self" />
    </resources>
    <data>
      <parameter name="customerId" force="true">%customer_id%</parameter>
    </data>
  </route>
  <route url="/V1/customer/checkPrimaryMobileNumber/" method="POST">
    <service class="Eighteentech\CustomerLogin\Api\AccountManagementInterface" method="checkAndUpdatePrimaryMobileNumber"/>
    <resources>
      <resource ref="self" />
    </resources>
    <data>
      <parameter name="customerId" force="true">%customer_id%</parameter>
    </data>
  </route>
  <route url="/V1/customers/isEmailPhoneAvailable" method="POST">
    <service class="Eighteentech\CustomerLogin\Api\AccountManagementInterface" method="isEmailPhoneAvailable"/>
    <resources>
      <resource ref="anonymous"/>
    </resources>
  </route>
</routes>
