<?xml version="1.0"?>
<!--
/**
 * @category   Nalli
 * @package    Nalli_Counteritems
 * @author     nalli.com
 * @license    http://opensource.org/licenses/osl-3.0.php  Open Software License (OSL 3.0)
 */
 -->
<config xmlns:xsi="http://www.w3.org/2001/XMLSchema-instance" xsi:noNamespaceSchemaLocation="../../../../../lib/internal/Magento/Framework/ObjectManager/etc/config.xsd">
    <virtualType name="NalliCounteritemsGridFilterPool" type="Magento\Framework\View\Element\UiComponent\DataProvider\FilterPool">
        <arguments>
            <argument name="appliers" xsi:type="array">
                <item name="regular" xsi:type="object">Magento\Framework\View\Element\UiComponent\DataProvider\RegularFilter</item>
                <item name="fulltext" xsi:type="object">Magento\Framework\View\Element\UiComponent\DataProvider\FulltextFilter</item>
            </argument>
        </arguments>
    </virtualType>
    <virtualType name="NalliCounteritemsGridDataProvider" type="Magento\Framework\View\Element\UiComponent\DataProvider\DataProvider">
        <arguments>
            <argument name="collection" xsi:type="object" shared="false">Nalli\Counteritems\Model\ResourceModel\Counteritems\Collection</argument>
            <argument name="filterPool" xsi:type="object" shared="false">NalliCounteritemsGridFilterPool</argument>
        </arguments>
    </virtualType>
     <virtualType name="Nalli\Counteritems\Model\ResourceModel\Counteritems\Grid\Collection" type="Magento\Framework\View\Element\UiComponent\DataProvider\SearchResult">
        <arguments>
            <argument name="mainTable" xsi:type="string">counteritems</argument>
            <argument name="resourceModel" xsi:type="string">Nalli\Counteritems\Model\ResourceModel\Counteritems</argument>
        </arguments>
    </virtualType>
    <type name="Magento\Framework\View\Element\UiComponent\DataProvider\CollectionFactory">
        <arguments>
            <argument name="collections" xsi:type="array">
                <item name="nalli_counteritems_counteritems_listing_data_source" xsi:type="string">Nalli\Counteritems\Model\ResourceModel\Counteritems\Grid\Collection</item>
            </argument>
        </arguments>
    </type>
   
</config>
