<?xml version="1.0"?>
<!--
/**
 * Copyright (c) 2021. 18th DigiTech Team. All rights reserved.
 * @author: <mailto:info@18thdigitech.com>
 * @package Nalli_Gaimpressions
 */
-->
<config xmlns:xsi="http://www.w3.org/2001/XMLSchema-instance" xsi:noNamespaceSchemaLocation="urn:magento:module:Magento_Cron:etc/crontab.xsd">
  <group id="nalli_gaimpressions_gaimpressionsupdate">
    <job name="nalli_gaimpressions_gaimpressionsupdate" instance="Nalli\Gaimpressions\Cron\Gaimpressionupdate" method="execute">
       <schedule>*/30 * * * *</schedule>
      <!-- <schedule>*/30 * * * *</schedule> -->
    </job>
  </group>
  <group id="nalli_gaimpressions_totalimpressionsupdatevtwo">
    <job name="nalli_gaimpressions_totalimpressionsupdatevtwo" instance="Nalli\Gaimpressions\Cron\Totalimpressionsupdate" method="execute">
      <schedule>0 */1 * * *</schedule>
      <!-- <schedule>0 * * * *</schedule> -->
    </job>
  </group>
</config>
