<?xml version="1.0"?>
<!--
/**
 * Copyright (c) 2021. 18th DigiTech Team. All rights reserved.
 * @author: <mailto:info@18thdigitech.com>
 * @package Nalli_Gaimpressions
 */
-->
<config xmlns:xsi="http://www.w3.org/2001/XMLSchema-instance" xsi:noNamespaceSchemaLocation="urn:magento:framework:ObjectManager/etc/config.xsd">
	<type name="Magento\Framework\Console\CommandList">
		<arguments>
			<argument name="commands" xsi:type="array">
				<item name="viewsimpressionsupdate" xsi:type="object">Nalli\Gaimpressions\Console\Command\Viewsimpressionsupdate</item>
			</argument>
		</arguments>
	</type>
	<type name="Nalli\Gaimpressions\Logger\Logger">
        <arguments>
            <argument name="name" xsi:type="string">gaimpressioncronupdate</argument>
            <argument name="handlers"  xsi:type="array">
                <item name="system" xsi:type="object">Nalli\Gaimpressions\Logger\Handler</item>
            </argument>
        </arguments>
    </type>
    <type name="Nalli\Gaimpressions\Logger\Loggerimpression">
        <arguments>
            <argument name="name" xsi:type="string">impressioncron</argument>
            <argument name="handlers"  xsi:type="array">
                <item name="system" xsi:type="object">Nalli\Gaimpressions\Logger\Handlerimpresion</item>
            </argument>
        </arguments>
    </type>
</config>
