<?xml version="1.0"?>
<!--
/**
 * Countermaster declarative-schema
 *
 * This file creates tables in the database
 *
 * @author  18th Digitech <info@18thdigitech.com>
 * @package Nalli_Countermaster
 */
-->
<schema xmlns:xsi="http://www.w3.org/2001/XMLSchema-instance" xsi:noNamespaceSchemaLocation="urn:magento:framework:Setup/Declaration/Schema/etc/schema.xsd">
    <table name="countermaster" resource="default" engine="innodb" comment="Countermaster Table">
        <column xsi:type="int" name="countermaster_id" unsigned="true" nullable="false" identity="true" comment="Countermaster ID"/>
        <column xsi:type="text" name="lastweekid" nullable="true" comment="Last Week ID"/>
        <column xsi:type="text" name="sos" nullable="true" comment="sos"/>
        <column xsi:type="text" name="lwsos" nullable="true" comment="lwsos"/>
        <column xsi:type="text" name="sold" nullable="true" comment="Sold"/>
        <column xsi:type="smallint" name="status" nullable="true" comment="Status"/>
        <column xsi:type="datetime" name="created_time" on_update="false" nullable="true" comment="Created Time"/>
        <column xsi:type="datetime" name="update_time" on_update="false" nullable="true" comment="Update Time"/>
        <index referenceId="NALLI_COUNTERMASTER_COUNTERMASTER_ID" indexType="btree">
            <column name="countermaster_id"/>
        </index>
    </table>
</schema>