<config xmlns:xsi="http://www.w3.org/2001/XMLSchema-instance" xsi:noNamespaceSchemaLocation="../../../../../lib/internal/Magento/Framework/ObjectManager/etc/config.xsd">
    <type name="Magento\Framework\View\Element\UiComponent\DataProvider\CollectionFactory">
        <arguments>
            <argument name="collections" xsi:type="array">
                <item name="nalli_countermaster_countermaster_listing_data_source" xsi:type="string">Nalli\Countermaster\Model\ResourceModel\Countermaster\Grid\Collection</item>
            </argument>
        </arguments>
    </type>
    <virtualType name="Nalli\Countermaster\Model\ResourceModel\Countermaster\Grid\Collection" type="Magento\Framework\View\Element\UiComponent\DataProvider\SearchResult">
        <arguments>
            <argument name="mainTable" xsi:type="string">countermaster</argument>
            <argument name="resourceModel" xsi:type="string">Nalli\Countermaster\Model\ResourceModel\Countermaster</argument>
        </arguments>
    </virtualType>
	<!--custom logger-->
	<type name="Nalli\Countermaster\Logger\Handler">
        <arguments>
            <argument name="filesystem" xsi:type="object">Magento\Framework\Filesystem\Driver\File</argument>
        </arguments>
    </type>
    <type name="Nalli\Countermaster\Logger\Logger">
        <arguments>
            <argument name="name" xsi:type="string">countermaster</argument>
            <argument name="handlers"  xsi:type="array">
                <item name="system" xsi:type="object">Nalli\Countermaster\Logger\Handler</item>
            </argument>
        </arguments>
    </type>
</config>
